Date,IPO_Name,Issue_Size(crores),Offer Price,QIB,HNI,RII,Total,NIFTY_20D_Return,NIFTY_60D_Return,NIFTY_20D_Volatility,India_VIX,Log_Issue_Size(crores),Log_QIB,Log_HNI,Log_RII,Log_Total,Underpricing,Underpricing_Class
2010-01-04,JSW Energy Limited,2700.0,100.0,2.88,0.15,0.4,1.68,1.5433386311499486,2.3033193653818174,0.0101183490457212,23.34000015258789,7.901377353792616,1.355835153635182,0.13976194237515868,0.33647223662121295,0.9858167945227653,2.0,Low
2010-01-05,Godrej Properties Limited,468.85,490.0,7.45,0.41,0.38,4.0,2.1265836200165866,2.927180545054986,0.010182658653304685,23.639999389648438,6.152413494829074,2.1341664413690826,0.3435897043900769,0.32208349916911333,1.6094379124341003,4.081632653061225,Low
2010-01-06,D B Corp Limited,384.22,212.0,68.52,26.17,3.42,39.54,2.848952617395595,5.490480018941013,0.010324968188178537,22.270000457763672,5.953814599656076,4.241614480957137,3.3021134234382563,1.4861396960896067,3.702289141023854,17.92452830188679,Medium
2010-01-11,MBL Infrastructure Limited,102.6,180.0,3.35,2.65,0.4,1.97,1.8803562780316252,4.847818481683253,0.00953936297423595,22.56999969482422,4.640537329825382,1.4701758451005928,1.2947271675944,0.33647223662121295,1.0885619528146082,5.555555555555555,Low
2010-01-29,Birla Shloka Edutech Limited,34.78,50.0,0.0,5.45,1.76,1.43,-6.181635968715815,2.4565618741087425,0.010058022578451242,26.959999084472656,3.5773890780805733,0.0,1.864080130807681,1.0152306797290587,0.8878912573524571,-2.0,Low
2010-02-03,Infinite Computer Solutions Limited,189.8,165.0,48.44,106.02,11.08,43.22,-7.685105360006849,2.5324848839901826,0.010121401887237681,26.690000534057617,5.251225759014186,3.900759813149435,4.673015732883158,2.4915511925066687,3.7891771754293,8.090909090909088,Low
2010-02-08,Jubilant Foodworks Limited,328.72,145.0,59.39,51.95,3.79,31.11,-10.344667310335842,-3.6695656455895898,0.012620690171838051,30.06999969482422,5.798243809445027,4.10082352831981,3.9693480720474157,1.5665304114228238,3.4691675081014224,11.44827586206896,Medium
2010-02-15,Vascon Engineers Limited,178.2,165.0,1.12,3.65,0.62,1.22,-7.778065943784618,-3.4427247908496383,0.013756269235880778,28.809999465942383,5.18850250054083,0.7514160886839212,1.536867219599265,0.4824261492442927,0.7975071958841881,3.0303030303030303,Low
2010-02-15,Syncom Healthcare Limited,56.25,75.0,0.99,16.6,6.25,5.17,-7.778065943784618,-3.4427247908496383,0.013756269235880778,28.809999465942383,4.047427642434349,0.688134638736401,2.8678989020441064,1.9810014688665833,1.8196988379172965,17.333333333333336,Medium
2010-02-19,Thangamayil Jewellery Limited,28.75,75.0,0.52,1.52,2.26,1.12,-6.4661794926636595,-2.029464822609739,0.014308528795419067,29.760000228881836,3.392829131991639,0.41871033485818504,0.924258901523332,1.1817271953786161,0.7514160886839212,-6.666666666666667,Low
2010-02-19,NTPC Limited,8478.75,201.0,2.18,0.43,0.16,1.2,-6.4661794926636595,-2.029464822609739,0.014308528795419067,29.760000228881836,9.045436247219296,1.1568811967920856,0.3576744442718159,0.14842000511827327,0.7884573603642702,1.4925373134328357,Low
2010-02-23,Aqua Logistics Limited,150.0,220.0,0.26,5.07,3.0,1.94,-4.667118254423852,-4.842705798947,0.013532130084970553,32.130001068115234,5.017279836814924,0.23111172096338664,1.803358605071407,1.3862943611198906,1.0784095813505903,-0.27272727272727015,Low
2010-02-24,Valor Estates Limited,1500.0,468.0,4.47,4.25,0.37,2.95,-3.2952779053316172,-4.331555695554901,0.01340100693210247,30.989999771118164,7.313886831633462,1.6992786164338898,1.6582280766035324,0.31481073984003355,1.3737155789130306,-8.11965811965812,Low
2010-02-24,Emmbi Industries Limited,38.96,45.0,0.43,5.55,0.46,1.2,-3.2952779053316172,-4.331555695554901,0.01340100693210247,30.989999771118164,3.687878953780353,0.3576744442718159,1.8794650496471605,0.3784364357202451,0.7884573603642702,1.1111111111111112,Low
2010-02-25,Hathway Cable & Datacom Limited,666.0,240.0,1.43,4.29,0.28,1.36,-2.9812857205397836,-4.885326575341886,0.013369800572696001,30.399999618530273,6.502790045915623,0.8878912573524571,1.665818245870208,0.2468600779315258,0.8586616190375187,2.5,Low
2010-03-03,ARSS Infrastructure Projects Limited,103.0,450.0,49.34,124.53,18.55,47.62,2.764211769878444,-0.3119636517812663,0.012477820799228018,21.6299991607666,4.6443908991413725,3.91879998970717,4.832544773830117,2.972975286431375,3.884034968887977,42.22222222222222,High
2010-03-08,REC Limited,3529.94,203.0,39.3,27.12,7.68,27.91,3.1803500623587277,-0.8379289195280304,0.011456750026709692,20.739999771118164,8.169319403430574,3.696351468952637,3.336481066942464,2.1610215286722587,3.364187556028255,13.30049261083744,Medium
2010-03-10,Texmo Pipes and Products Limited,45.0,90.0,1.02,30.5,7.26,7.48,8.11355166370975,0.6868337052919671,0.008311007928880372,20.799999237060547,3.828641396489095,0.7030975114131134,3.449987545831587,2.1114245875328868,2.1377104498038118,12.777777777777777,Medium
2010-03-11,Man Infraconstruction Limited,141.75,252.0,96.06,104.57,10.26,62.53,7.475214371823036,-0.6157828671568111,0.008232263521755824,20.09000015258789,4.96109484853612,4.57532934397707,4.659374240001603,2.421256622711544,4.1515122352784415,32.93650793650794,High
2010-03-18,United Bank of India,324.98,66.0,47.08,39.15,9.8,33.38,7.746484113550944,3.95088674606503,0.007402846958307384,17.729999542236328,5.786836029791487,3.872866290226952,3.6926224403927708,2.379546134130174,3.5374749999547035,16.666666666666664,Medium
2010-03-29,DQ Entertainment (International) Limited,128.16,80.0,93.86,272.88,19.45,86.33,8.714442305058089,2.6707596263185973,0.006943402798854399,17.889999389648438,4.8610519458900745,4.552402120449436,5.612690054252862,3.017982882488811,4.469694046425642,68.75,High
2010-03-29,NMDC Limited,9967.3,300.0,2.28,0.22,0.22,1.25,8.714442305058089,2.6707596263185973,0.006943402798854399,17.889999389648438,9.207165336882536,1.1878434223960523,0.1988508587451652,0.1988508587451652,0.8109302162163288,-1.4333333333333371,Low
2010-03-30,IL&FS Transportation Networks Limited,700.0,258.0,52.61,39.39,4.56,33.42,9.117754980323056,2.4032557867184723,0.006880960644798897,18.729999542236328,6.55250788703459,3.9817356178394463,3.6985822295753215,1.715598108262491,3.5386377907833935,11.24031007751938,Medium
2010-04-05,Pradip Overseas Limited,116.6,110.0,8.57,45.35,10.53,14.08,3.9779072435501384,1.7198488511277477,0.00561259783534213,17.6200008392334,4.767289035464526,2.258633205464863,3.836221292011864,2.4449523342809676,2.71336936257981,9.090909090909092,Low
2010-04-06,Persistent Systems Limited,168.01,310.0,144.43,107.73,21.69,93.6,5.6719630400816845,2.6031058053411327,0.006222701219173903,17.170000076293945,5.129957884770136,4.9796948711896185,4.6888677450096585,3.1219242987917504,4.549657476057833,29.03225806451613,Medium
2010-04-09,Shree Ganesh Jewellery House (I) Limited,371.02,260.0,1.38,6.13,1.39,1.96,3.9782455221503588,0.7856604831563807,0.00694164286306289,19.920000076293945,5.918947616268805,0.8671004876833832,1.9643112344262046,0.8712933659434192,1.085189268335969,-0.4423076923076835,Low
2010-04-12,Intrasoft Technologies Limited,53.65,145.0,21.97,21.6,13.51,18.95,4.7984363547520115,2.2308022308022313,0.007216526607105075,18.440000534057617,4.000949214622548,3.134189016701007,3.1179499062782403,2.6748380668960965,2.9932291433358724,-3.4482758620689653,Low
2010-04-16,Goenka Diamond & Jewellery Limited,126.51,135.0,0.78,3.0,0.66,1.07,2.821271580020035,0.757552152086971,0.007813671586133657,21.579999923706055,4.848194792895451,0.5766133643039938,1.3862943611198906,0.5068176023684519,0.7275486072772778,-3.7037037037037033,Low
2010-05-10,Talwalkars Better Value Fitness Limited,77.44,128.0,35.43,51.48,8.43,28.39,-5.3992474258329315,6.345033188307503,0.008241475866633605,27.399999618530273,4.362334001328145,3.5953926110204724,3.9604321446358335,2.2438960966453663,3.380654480430826,7.8125,Low
2010-05-13,Satchmo Holdings Limited,405.0,54.0,2.54,0.22,0.16,1.16,-3.124212830606554,8.39673948186681,0.011727180779907288,25.81999969482422,6.0063531596017325,1.264126727145683,0.1988508587451652,0.14842000511827327,0.7701082216960736,-7.4074074074074066,Low
2010-05-18,Tarapur Transformers Limited,63.75,75.0,0.03,5.08,2.74,1.74,-2.762484077479044,4.204291867245025,0.012013325132749594,27.170000076293945,4.1705337005796475,0.0295588022415444,1.8050046959780757,1.3190856114264407,1.007957920399979,0.0,Low
2010-05-19,GB Global Limited,107.9,130.0,7.97,10.52,2.81,6.32,-3.133781367152,3.0972770718864506,0.011935870914460866,26.540000915527344,4.690430029938915,2.1938856760707046,2.444084655267745,1.3376291891386096,1.9906103279732201,2.076923076923068,Low
2010-05-20,SJVN Limited,1062.51,26.0,9.03,3.39,3.12,6.64,-6.20126229396023,0.652650040279279,0.013354307657708023,32.040000915527344,6.969330037510988,2.305580601973844,1.47932922708708,1.415853163361435,2.033397603178429,7.6923076923076925,Low
2010-05-21,Jaypee Infratech Limited,2257.6,102.0,1.77,1.15,0.61,1.24,-6.10606609993728,2.119758867728483,0.0133874491817526,31.040000915527344,7.7225004312895695,1.0188473201992472,0.7654678421395714,0.4762341789963716,0.8064758658669485,-8.823529411764707,Low
2010-06-11,Standard Chartered (India) Limited,2486.35,104.0,4.15,1.9,0.25,2.2,-1.9367009708395555,-0.9807133234266185,0.01567653814659837,26.5,7.818973165707001,1.6389967146756448,1.0647107369924282,0.22314355131420976,1.1631508098056809,0.9615384615384616,Low
2010-07-01,Parabolic Drugs Limited,200.0,75.0,1.48,1.2,0.4,1.04,5.829853414953301,-0.9970182631382829,0.010811386883557692,20.06999969482422,5.303304908059076,0.9082585601768908,0.7884573603642702,0.33647223662121295,0.712949807856125,1.3333333333333335,Low
2010-07-16,Technofab Engineers Limited,71.66,240.0,4.28,48.85,10.03,12.78,1.9697223697392907,2.076155509052424,0.008886072356975807,20.18000030517578,4.2857910267930555,1.66392609771817,3.9090184964078474,2.400618833265411,2.6232182655855123,10.416666666666668,Medium
2010-07-21,Hindustan Media Ventures Limited,270.0,166.0,8.98,3.39,1.0,5.43,0.9677365434842322,1.1236994781125498,0.007906033128533255,20.3799991607666,5.602118820879701,2.300583090323373,1.47932922708708,0.6931471805599453,1.860974538249528,2.4096385542168677,Low
2010-07-28,Shri Aster Silicates Limited,53.1,118.0,0.01,12.46,7.41,4.47,3.3189729850495953,5.479267702364776,0.006556741897801022,19.219999313354492,3.9908341858524357,0.009950330853168083,2.599722324216582,2.1294214739848565,1.6992786164338898,8.22033898305085,Low
2010-08-04,Midfield Industries Limited,59.85,133.0,1.86,48.41,13.51,12.92,2.8455016601775407,5.907146561382515,0.006145908060040504,17.549999237060547,4.108411819433536,1.0508216248317612,3.9001528328576587,2.6748380668960965,2.6333266549062735,19.84962406015038,Medium
2010-08-12,Engineers India Limited,959.35,290.0,23.43,5.85,2.99,13.36,0.6396070651043084,10.182639115719283,0.005587375510368287,18.110000610351562,6.867297801350861,3.195811885269649,1.9242486522741338,1.3837912309017721,2.664446563620078,8.620689655172415,Low
2010-08-18,Bajaj Consumer Care Limited,297.0,660.0,20.19,53.49,6.62,19.29,0.859722472871649,12.63639470211162,0.005853019713302662,17.6299991607666,5.697093486505405,3.0535293722802077,3.998017198595007,2.030776369698555,3.0101281538377234,10.606060606060606,Medium
2010-08-25,Prakash Steelage Limited,68.75,110.0,1.27,10.91,6.62,4.53,1.371855755538931,10.762139980764251,0.0066304856204113,16.989999771118164,4.244917420701475,0.8197798314933114,2.477378383367209,2.030776369698555,1.7101878155342436,7.77272727272727,Low
2010-09-09,Gujarat Pipavav Port Limited,553.85,46.0,13.2,85.7,9.15,19.94,3.454414578211784,7.156028031981254,0.007601351118525866,15.970000267028809,6.318697806946573,2.653241964607215,4.462453883786496,2.3174737054877963,3.041661205442391,22.282608695652172,Medium
2010-09-29,Indosolar Limited,357.0,29.0,1.44,1.3,1.81,1.55,11.338850557964841,15.15689972035199,0.007738416392531062,21.209999084472656,5.8805329864007,0.8919980393051105,0.832909122935104,1.0331844833456545,0.9360933591703348,2.586206896551724,Low
2010-10-01,Tirupati Inks Limited,51.5,43.0,1.78,23.18,12.59,8.77,10.19947709999036,15.051231286519663,0.007796640553927044,22.25,3.960813169597578,1.0224509277025458,3.1855258451866466,2.6093342281630525,2.2793164660546914,25.465116279069772,Medium
2010-10-05,Sastasundar Ventures Ltd,147.5,118.0,5.91,35.88,11.04,12.2,12.411035972714203,15.077207083715493,0.008243163212707048,22.799999237060547,5.000584958242754,1.9329696377795786,3.607669398688393,2.488234439880675,2.580216829592325,14.49152542372881,Medium
2010-10-06,CP Capital Ltd,115.0,310.0,47.45,101.93,31.74,47.39,10.200012362547639,14.170533247027684,0.007931105048291233,22.170000076293945,4.7535901911063645,3.880532338336775,4.6340491455384685,3.488597571942989,3.8792931808052273,48.70967741935484,High
2010-10-06,Eros International Media Ltd,350.0,175.0,25.79,73.4,11.95,26.51,10.200012362547639,14.170533247027684,0.007931105048291233,22.170000076293945,5.860786223465865,3.2880286835565173,4.309455941839047,2.5610957881455465,3.3145495749364833,21.91428571428571,Medium
2010-10-08,ESL Steel Ltd,248.07,11.0,5.86,28.58,6.19,8.23,9.138077839231528,13.630328075798426,0.008641403700538926,22.450000762939453,5.5177339814546125,1.925707441737794,3.3870984572826535,1.9726911717329554,2.222459048514761,12.27272727272727,Medium
2010-10-08,Ramky Infrastructure Ltd,530.0,450.0,4.52,1.45,0.99,2.89,9.138077839231528,13.630328075798426,0.008641403700538926,22.450000762939453,6.274762021241939,1.7083778602890038,0.8960880245566356,0.688134638736401,1.358409157630355,0.0,Low
2010-10-08,Orient Green Power Company Ltd,900.0,47.0,2.09,0.64,0.18,1.07,9.138077839231528,13.630328075798426,0.008641403700538926,22.450000762939453,6.803505257608338,1.128171090909654,0.49469624183610705,0.16551443847757338,0.7275486072772778,-2.7659574468085046,Low
2010-10-12,Cantabil Retail India Ltd,105.0,135.0,1.71,3.83,2.63,2.35,6.525175306532116,13.755357139462475,0.007798150349239182,21.200000762939453,4.663439094112067,0.9969486348916095,1.5748464676644813,1.2892326482767593,1.208960345836975,-0.8888888888888804,Low
2010-10-12,Tecpro Systems Ltd,267.91,355.0,27.99,62.48,9.07,24.47,6.525175306532116,13.755357139462475,0.007798150349239182,21.200000762939453,5.59437675112927,3.3669509429335642,4.150724895658208,2.309560706730471,3.2375012889913655,12.507042253521119,Medium
2010-10-14,Sea TV Network Ltd,50.2,100.0,1.66,40.94,7.45,9.58,6.363297666810563,16.130773143512478,0.009185502305076714,20.020000457763672,3.9357395320454622,0.9783261227936076,3.7362400254737738,2.1341664413690826,2.3589654264301534,20.0,Medium
2010-10-14,Bedmutha Industries Ltd,91.8,102.0,0.67,29.19,8.51,7.69,6.363297666810563,16.130773143512478,0.009185502305076714,20.020000457763672,4.530446639792155,0.5128236264286637,3.4075107437187473,2.252343876557299,2.162172939277301,12.156862745098044,Medium
2010-10-14,Ashoka Buildcon Ltd,225.0,324.0,25.52,13.91,3.46,15.94,6.363297666810563,16.130773143512478,0.009185502305076714,20.020000457763672,5.420534999272286,3.277899165317662,2.702032128776647,1.4951487660319727,2.8296776892239084,2.9475308641975344,Low
2010-10-18,Jupiter Wagons Ltd,172.41,127.0,3.68,0.34,0.38,2.07,3.0195617827452725,11.405832187988384,0.010400275604267005,22.649999618530273,5.1556587328104575,1.5432981099295553,0.29266961396282,0.32208349916911333,1.1216775615991057,-3.3070866141732305,Low
2010-10-20,Oberoi Realty Ltd,1028.61,260.0,22.15,3.61,0.94,12.13,0.30370858277399826,11.233523346639585,0.009959099227809609,23.229999542236328,6.9369353687444635,3.141994780532243,1.5282278570085572,0.6626879730752367,2.574899688314705,7.6923076923076925,Low
2010-10-27,BS Ltd,190.45,248.0,0.52,3.16,1.04,1.1,0.870718965088324,11.973343447183971,0.010963736097217031,20.549999237060547,5.254626677923303,0.41871033485818504,1.425515074273172,0.712949807856125,0.7419373447293773,1.2096774193548387,Low
2010-10-27,Prestige Estates Projects Ltd,1200.0,183.0,4.32,0.24,0.08,2.26,0.870718965088324,11.973343447183971,0.010963736097217031,20.549999237060547,7.0909098220799835,1.6714733033535532,0.2151113796169455,0.07696104113612832,1.1817271953786161,3.825136612021858,Low
2010-10-27,Shah Metacorp Ltd,54.67,71.0,1.54,33.44,8.0,8.59,0.870718965088324,11.973343447183971,0.010963736097217031,20.549999237060547,4.019441402195416,0.9321640810304452,3.53921867955953,2.1972245773362196,2.2607208888953467,7.887323943661964,Low
2010-11-04,Coal India Ltd,15199.4,245.0,24.7,25.4,2.31,15.28,-0.4194682652122972,12.815202806559721,0.010980109827198213,21.530000686645508,9.629077022277587,3.246490991901174,3.2733640101522705,1.1969481893889715,2.789937360574394,17.448979591836736,Medium
2010-11-16,Gravita India Ltd,45.0,125.0,6.04,182.52,37.34,42.88,0.9723503131808808,10.494203852699503,0.010657465509946529,20.25,3.828641396489095,1.951608170169951,5.212323653381061,3.6464937376174986,3.7814586354070294,75.0,High
2010-11-25,Power Grid Corporation of India Ltd,7442.34,90.0,115.9,40.34,6.77,64.82,-3.931504673690922,8.450270641430757,0.012556030734850338,24.68000030517578,8.915074951821762,4.761318868478023,3.7218305542536223,2.050270164379556,4.186923743515194,5.555555555555555,Low
2010-12-06,RPP Infra Projects Ltd,48.75,75.0,0.16,7.27,5.6,2.97,-2.722184811500694,6.937898013695576,0.013179877899200733,18.600000381469727,3.907010463604602,0.14842000511827327,2.1126345090356,1.8870696490323797,1.3787660946990992,0.0,Low
2010-12-15,Shipping Corporation of India Ltd,1164.73,140.0,4.19,3.67,6.56,4.92,-2.8995686939426,1.0051045528110647,0.013171853573108955,21.459999084472656,7.061102779204137,1.6467336971777973,1.541159071680806,2.0228711901914416,1.7783364488959144,-2.2142857142857104,Low
2010-12-15,MOIL Ltd,1237.51,375.0,49.16,143.3,32.86,56.43,-2.8995686939426,1.0051045528110647,0.013171853573108955,21.459999084472656,7.121664323180225,3.9152178963246653,4.971894465779825,3.522234376704989,4.0505668148762055,46.93333333333333,High
2010-12-20,Claris Lifescience Ltd,300.0,228.0,1.31,2.03,1.6,1.5,-0.8343303046784545,-1.0034831903117492,0.01262030223565529,20.239999771118164,5.707110264748875,0.8372475245337022,1.1085626195212777,0.9555114450274365,0.9162907318741551,-1.5789473684210502,Low
2010-12-23,A2Z Infra Engineering Ltd,776.25,400.0,0.68,3.12,0.33,0.96,0.8365963577867674,-0.5632803855558421,0.010799213576767282,19.559999465942383,6.655762048938863,0.5187937934151676,1.415853163361435,0.2851789422336624,0.6729444732424258,-2.5,Low
2010-12-27,Ravikumar Distilleries Ltd,73.6,64.0,0.15,7.31,3.01,2.22,3.6527453365446716,-0.29687208464632686,0.01004991110919299,17.649999618530273,4.312140507209715,0.13976194237515868,2.1174596088673567,1.3887912413184778,1.169381359556317,0.0,Low
2010-12-30,Punjab & Sind Bank,480.0,120.0,49.8,85.84,44.45,50.75,3.3713117805645343,-1.3518541199933232,0.009640319620486355,17.1299991607666,6.175867270105761,3.927896354584436,4.464067345010091,3.816612820623488,3.9464244321454784,21.749999999999993,Medium
2011-01-20,C Mahendra Exports Ltd,165.0,110.0,1.02,3.92,4.82,2.78,-4.901913348761355,-6.181947265092036,0.01169702369745148,21.09000015258789,5.111987788356544,0.7030975114131134,1.5933085305042167,1.7613002617433464,1.3297240096314962,0.9090909090909091,Low
2011-01-27,Midvalley Entertainment & Hospitality Ltd,60.0,70.0,0.35,4.68,9.01,4.03,-5.146766138363079,-5.015286055969225,0.011998569962250329,20.780000686645508,4.110873864173311,0.30010459245033805,1.7369512327330598,2.303584593327129,1.6154199841116479,4.285714285714286,Low
2011-02-02,Tata Steel Ltd,3477.0,610.0,10.41,7.21,1.6,6.03,-12.024163482548445,-12.065575922205984,0.011717041402685247,23.729999542236328,8.154212694914229,2.4344901638739844,2.105352923464337,0.9555114450274365,1.9501867058225737,3.3032786885245864,Low
2011-02-10,Omkar Speciality Chemicals Ltd,79.38,98.0,0.82,5.27,9.9,4.67,-8.69901955950737,-13.47409865217115,0.012469155262252056,25.239999771118164,4.386765389021055,0.598836501088704,1.8357763546448291,2.388762789235098,1.7351891177396608,-3.061224489795918,Low
2011-03-10,AcroPetal Technologies Ltd,170.0,90.0,1.12,2.0,1.21,1.28,4.111965126797523,-5.571633797113051,0.015229305297024084,23.280000686645508,5.14166355650266,0.7514160886839212,1.0986122886681096,0.7929925155296614,0.8241754429663495,44.44444444444444,High
2011-03-11,Sudar Industries Ltd,69.98,77.0,0.17,4.47,2.28,1.55,4.584521068808578,-6.995167398732461,0.015056129302127273,23.530000686645508,4.2623981472183505,0.15700374880966475,1.6992786164338898,1.1878434223960523,0.9360933591703348,-3.896103896103896,Low
2011-03-11,Fineotex Chemical Ltd,29.48,70.0,0.0,0.22,4.38,1.57,4.584521068808578,-6.995167398732461,0.015056129302127273,23.530000686645508,3.4170707308184456,0.0,0.1988508587451652,1.682688374173693,0.9439058989071285,14.285714285714285,Medium
2011-03-24,Lovable Lingerie Ltd,93.28,205.0,21.87,99.87,20.84,35.21,0.20203693945908263,-8.633568783865398,0.01449696381728052,20.969999313354492,4.5462690780679305,3.12982600803469,4.613832559066744,3.083743150876704,3.58933532377755,27.5609756097561,Medium
2011-03-30,PTC India Financial Services Ltd,433.28,28.0,2.85,0.22,1.18,1.7,7.558244928631708,-6.490339919206944,0.013170824999415815,21.219999313354492,6.0736894873636516,1.3480731482996928,0.1988508587451652,0.7793248768009976,0.9932517730102834,0.0,Low
2011-04-08,Shilpi Cable Technologies Ltd,55.88,69.0,1.04,6.39,5.74,3.48,7.121802197212346,2.2870665338243334,0.010457330240497451,20.31999969482422,4.040943785494986,0.712949807856125,2.0001277349601105,1.9080599249242156,1.4996230464268938,13.550724637681153,Medium
2011-05-06,Muthoot Finance Ltd,901.25,175.0,25.01,60.94,8.5,24.55,-7.592517205478844,1.1879738248853355,0.01083396388629041,21.600000381469727,6.804891643522898,3.25848107946056,4.126166174545057,2.2512917986064953,3.2406373166497136,2.857142857142857,Low
2011-05-09,Paramount Printpac Ltd,45.83,35.0,0.33,3.28,9.31,3.92,-6.067624152516959,2.8808412771034186,0.011756601154769722,20.969999313354492,3.8465240231954505,0.2851789422336624,1.4539530095937054,2.3331142980288684,1.5933085305042167,0.0,Low
2011-05-10,Future Consumer Ltd,750.0,10.0,0.26,7.81,0.61,1.52,-5.7818118953409385,4.49031635916648,0.011775648245238107,21.5,6.621405651764134,0.23111172096338664,2.175887439948088,0.4762341789963716,0.924258901523332,-5.0,Low
2011-05-12,Servalakshmi Paper Ltd,60.0,29.0,0.34,4.21,1.9,1.47,-4.74067434632831,6.491829244887937,0.011827384109185907,21.239999771118164,4.110873864173311,0.29266961396282,1.6505798557652755,1.0647107369924282,0.9042181506398859,3.4482758620689653,Low
2011-05-13,Innoventive Industries Ltd,217.41,117.0,0.85,1.94,1.48,1.24,-5.1774250800524,3.3173239612758865,0.012016511476898969,21.229999542236328,5.386374030368319,0.6151856390902335,1.0784095813505903,0.9082585601768908,0.8064758658669485,-5.982905982905983,Low
2011-05-23,BF Industrial & Technologies Ltd,36.9,85.0,0.0,1.82,2.93,1.3,-6.7692505044447016,-0.5843873342751604,0.009463025120759942,19.450000762939453,3.6349511120883804,0.0,1.0367368849500223,1.3686394258811698,0.832909122935104,0.0,Low
2011-05-27,Dr. Datsons Labs Ltd,117.0,234.0,0.14,2.65,1.84,1.11,-6.44893802661276,2.051461699720214,0.010673449234836112,19.18000030517578,4.770684624465665,0.1310282624064041,1.2947271675944,1.0438040521731147,0.7466879474879752,-1.9444444444444493,Low
2011-05-27,Power Finance Corporation Ltd,4578.2,203.0,6.92,1.2,2.0,4.34,-6.44893802661276,2.051461699720214,0.010673449234836112,19.18000030517578,8.429279589362132,2.0693912058263346,0.7884573603642702,1.0986122886681096,1.6752256529721035,-2.6600985221674907,Low
2011-06-14,VMS Industries Ltd,25.75,40.0,0.0,1.11,3.41,1.36,-1.1172766186482663,0.6082941645387807,0.009336603885180835,18.90999984741211,3.2865344733420154,0.0,0.7466879474879752,1.4838746894587547,0.8586616190375187,9.875000000000007,Low
2011-06-22,Timbor Home Ltd,23.25,63.0,0.65,3.22,14.22,5.78,-2.0551134036654872,-3.7297550721910544,0.009282831935054052,21.309999465942383,3.188416617383492,0.5007752879124893,1.4398351280479205,2.7226103524335397,1.9139771019523042,14.285714285714285,Medium
2011-07-07,Birla Pacific Medspa Ltd,65.18,10.0,1.04,0.17,1.82,1.18,1.7840197565347937,-4.421733886603141,0.009901604904584556,18.34000015258789,4.192378302493466,0.712949807856125,0.15700374880966475,1.0367368849500223,0.7793248768009976,0.9999999999999963,Low
2011-07-07,Rushil Decor Ltd,40.64,72.0,0.23,1.35,6.57,2.62,1.7840197565347937,-4.421733886603141,0.009901604904584556,18.34000015258789,3.7290612437467683,0.20701416938432615,0.8544153281560676,2.0241930674493576,1.2864740258376797,12.847222222222221,Medium
2011-07-13,Kridhan Infra Ltd,34.75,108.0,0.03,1.37,4.18,1.68,0.46631946811652725,-5.123141055530212,0.01175376186657231,20.829999923706055,3.5765502691400166,0.0295588022415444,0.8628899551470399,1.6448050562713916,0.9858167945227653,6.481481481481481,Low
2011-07-28,Bharatiya Global Infomedia Ltd,55.1,82.0,0.0,1.94,5.06,2.06,0.02704993513122922,-2.7099083593704942,0.010277389505332756,18.25,4.027135812528651,0.0,1.0784095813505903,1.801709800081223,1.1184149159642893,2.4390243902439024,Low
2011-08-04,Inventure Growth & Securities Ltd,81.9,117.0,0.25,9.49,8.66,4.58,-4.035799950773944,-2.6355189132784673,0.010464758809765417,19.479999542236328,4.417635062141249,0.22314355131420976,2.3504224224082058,2.2679936482244267,1.7191887763932197,1.7094017094017095,Low
2011-08-12,L&T Finance Holdings Ltd,1245.0,52.0,1.93,6.18,9.61,5.34,-8.005628463042491,-5.527728326766301,0.011049320830460934,29.09000015258789,7.1276936993473985,1.0750024230289759,1.9712993830601329,2.361796952625892,1.8468787684491346,-1.9230769230769231,Low
2011-08-26,Tree House Education & Accessories Ltd,112.06,135.0,1.02,1.68,2.76,1.85,-12.749688684159977,-11.574792872348239,0.011391564964897651,27.940000534057617,4.727918651247145,0.7030975114131134,0.9858167945227653,1.324418957401803,1.0473189942805592,-1.629629629629621,Low
2011-09-05,Brooks Laboratories Ltd,63.0,100.0,0.0,2.82,3.36,1.6,-7.633941219223528,-8.894529551606144,0.015906021752138597,26.09000015258789,4.1588830833596715,0.0,1.3402504226184837,1.4724720573609429,0.9555114450274365,10.0,Low
2011-09-08,TD Power Systems Ltd,227.0,256.0,6.52,0.38,0.38,2.92,-1.661791271887747,-7.179792183855993,0.01549017182718323,27.860000610351562,5.429345628954441,2.017566137961748,0.32208349916911333,0.32208349916911333,1.366091653802371,-1.7187500000000022,Low
2011-09-16,SRS Ltd,203.0,58.0,0.75,5.11,0.32,1.25,0.7923347268066427,-5.417033995254217,0.01599251206519071,30.790000915527344,5.318119993844216,0.5596157879354227,1.809926773183504,0.2776317365982795,0.8109302162163288,-5.172413793103448,Low
2011-09-26,PG Electroplast Ltd,120.65,210.0,0.98,1.84,1.64,1.34,-0.4326106642848382,-11.921436073068836,0.017701753025734852,35.15999984741211,4.801148069229532,0.6830968447064438,1.0438040521731147,0.9707789171582247,0.8501509293696101,-4.761904761904762,Low
2011-10-04,Setubandhan Infrastructure Ltd,60.0,138.0,0.31,2.76,4.68,2.21,-3.3425055565687756,-13.895351362485941,0.01686351360733517,35.06999969482422,4.110873864173311,0.27002713721306015,1.324418957401803,1.7369512327330598,1.1662709371419244,5.072463768115942,Low
2011-10-07,RDB Rasayans Ltd,35.55,79.0,0.0,0.75,3.96,1.5,-7.285377631074841,-17.065087970653437,0.016590799974873387,35.369998931884766,3.5986811861957873,0.0,0.5596157879354227,1.601405740736836,0.9162907318741551,7.59493670886076,Low
2011-10-17,Onelife Capital Advisors Ltd,36.85,110.0,1.02,0.93,2.5,1.53,1.1151093878096097,-7.809342744409021,0.018067223172634705,25.979999542236328,3.6336309798834576,0.7030975114131134,0.6575200029167942,1.252762968495368,0.9282193027394289,4.545454545454546,Low
2011-10-19,Taksheel Solutions Ltd,82.5,150.0,0.24,4.7,6.18,2.99,0.11029132785673745,-9.512216043794231,0.01829434572205589,25.899999618530273,4.42484663185681,0.2151113796169455,1.7404661748405044,1.9712993830601329,1.3837912309017721,4.933333333333337,Low
2011-10-19,Flexituff Ventures International Ltd,104.63,155.0,0.51,2.35,1.6,1.17,0.11029132785673745,-9.512216043794231,0.01829434572205589,25.899999618530273,4.659942421835071,0.412109650826833,1.208960345836975,0.9555114450274365,0.7747271675523681,0.0,Low
2011-10-20,Ujaas Energy Ltd,93.0,186.0,1.03,1.56,2.35,1.57,-0.02043291951367987,-7.262346402128717,0.018214872036033794,24.049999237060547,4.543294782270004,0.708035793053696,0.9400072584914712,1.208960345836975,0.9439058989071285,-3.225806451612903,Low
2011-10-24,Vaswani Industries Ltd,49.0,49.0,0.16,11.29,6.83,4.16,2.5651761492755387,-11.097118656568494,0.0158101396434566,26.299999237060547,3.912023005428146,0.14842000511827327,2.5087859235779435,2.057962510002712,1.6409365794934714,-31.734693877551013,Low
2011-11-02,Indo Thai Securities Ltd,29.6,74.0,0.0,0.02,3.35,1.18,4.8350594773454825,-4.692024697997221,0.01649746528611207,24.020000457763672,3.4210000089583352,0.0,0.019802627296179712,1.4701758451005928,0.7793248768009976,1.3513513513513513,Low
2012-03-28,Olympic Cards Ltd,24.75,30.0,0.0,3.44,1.36,0.99,-0.7204857146396959,11.418889879696748,0.013441965548481908,25.049999237060547,3.248434627109745,0.0,1.4906543764441333,0.8586616190375187,0.688134638736401,-0.16666666666666904,Low
2012-04-12,MT Educare Ltd,99.0,80.0,6.01,8.0,2.17,4.8,-2.4759487618752907,7.527332880237969,0.012940307138914416,22.290000915527344,4.605170185988092,1.9473377010464987,2.1972245773362196,1.1537315878891892,1.7578579175523736,7.562499999999997,Low
2012-04-12,NBCC (India) Ltd,124.97,106.0,7.07,1.7,3.4,4.93,-2.4759487618752907,7.527332880237969,0.012940307138914416,22.290000915527344,4.836043783364212,2.0881534822818573,0.9932517730102834,1.4816045409242156,1.780024213009634,-5.660377358490567,Low
2012-05-09,Tribhovandas Bhimji Zaveri Ltd,200.0,120.0,1.29,1.91,0.68,1.15,-4.479017870344082,-6.282854524556014,0.010002516153128015,22.15999984741211,5.303304908059076,0.8285518175661483,1.068153081183401,0.5187937934151676,0.7654678421395714,-4.166666666666666,Low
2012-05-30,Speciality Restaurants Ltd,176.09,150.0,4.68,2.19,0.55,2.54,-3.8627518249871207,-7.1695638051111565,0.010474562155930409,24.030000686645508,5.176658077920708,1.7369512327330598,1.1600209167967532,0.4382549309311553,1.264126727145683,2.0,Low
2012-07-18,VKS Projects Ltd,55.0,55.0,1.15,0.38,1.13,1.03,1.74378162165989,-1.852254329477454,0.00833471038361383,17.780000686645508,4.02535169073515,0.7654678421395714,0.32208349916911333,0.7561219797213337,0.708035793053696,1.4545454545454493,Low
2012-12-06,Tara Jewels Ltd,179.5,230.0,1.49,3.1,2.05,1.98,3.5593274081767934,12.310254580061851,0.007263680698533881,16.6200008392334,5.195730777772936,0.9122827104766162,1.410986973710262,1.11514159061932,1.091923300517313,5.217391304347826,Low
2012-12-26,CARE Ratings Ltd,539.98,750.0,45.8,110.96,6.18,40.98,4.072617537528611,2.8922116001278475,0.006957594117922712,14.489999771118164,6.293382309586417,3.845883202923601,4.718141664647253,1.9712993830601329,3.7371933143924867,26.53333333333333,Medium
2012-12-27,PC Jeweller Ltd,601.31,135.0,7.33,18.12,1.68,6.85,4.785397185644524,4.162551078294929,0.007106017515265996,14.100000381469727,6.400772262933597,2.1198634561787513,2.9507349076232554,0.9858167945227653,2.060513531794317,0.3703703703703704,Low
2012-12-28,Indus Towers Ltd,4172.76,220.0,2.84,0.29,0.19,1.3,2.4906354045731938,3.457942485581289,0.006537859298174586,13.739999771118164,8.336572587181918,1.3454723665996355,0.2546422183735807,0.173953307123438,0.832909122935104,-9.090909090909092,Low
2013-02-20,V-Mart Retail Ltd,94.42,210.0,1.52,1.39,0.79,1.2,-1.7987898600892782,5.543071304029135,0.004340973926777063,15.8100004196167,4.558288200087961,0.924258901523332,0.8712933659434192,0.5822156198526637,0.7884573603642702,2.857142857142857,Low
2013-04-01,Repco Home Finance Ltd,270.23,172.0,3.39,0.35,0.51,1.65,-1.9726077659201424,-5.184168778417386,0.009142255661962261,15.220000267028809,5.602967169417385,1.47932922708708,0.30010459245033805,0.412109650826833,0.9745596399981308,-4.069767441860465,Low
2013-06-05,Just Dial Ltd,919.14,530.0,10.12,22.34,3.53,11.63,-2.0534224650344712,2.3373850596447143,0.011468836617946565,17.260000228881836,6.824525832378854,2.4087452888224363,3.15016862685841,1.5107219394949427,2.5360749363624,11.320754716981133,Medium
2013-12-19,Power Grid Corporation of India Ltd,6958.64,90.0,115.9,40.34,6.77,64.82,1.5393032958765707,1.6613403684223815,0.010550666990862418,17.540000915527344,8.847883027852795,4.761318868478023,3.7218305542536223,2.050270164379556,4.186923743515194,7.888888888888883,Low
2014-02-28,Engineers India Ltd,498.13,150.0,23.43,5.85,2.99,13.36,1.837172898388073,1.0151990097285513,0.007341513762736206,13.960000038146973,6.212866582863889,3.195811885269649,1.9242486522741338,1.3837912309017721,2.664446563620078,-0.06666666666666288,Low
2014-05-09,Wonderla Holidays Ltd,181.25,125.0,16.71,159.04,7.55,38.06,-1.131960613627614,10.964215974928093,0.006897041836992674,34.29999923706055,5.2053793708887675,2.874129451794742,5.075423783989034,2.145931282948669,3.665098925448533,31.8,High
2014-09-12,Snowman Logistics Ltd,197.4,47.0,16.98,221.79,41.26,59.75,4.6414918978188835,7.329219357937244,0.004792413751446157,12.520000457763672,5.290285194850773,2.8892600290434745,5.4062296237424325,3.7438410121879104,4.1067670822206574,59.57446808510638,High
2014-09-23,Sharda Cropchem Ltd,351.86,156.0,32.06,251.35,5.85,59.97,2.945705954881306,7.6236060995144905,0.006895401785073592,11.569999694824219,5.86607137769992,3.498324092392878,5.5308170127862715,1.9242486522741338,4.110381939919725,62.88461538461539,High
2014-10-01,Shemaroo Entertainment Ltd,120.0,170.0,5.69,8.64,7.79,7.39,-1.4629379115222663,3.2405247877994148,0.008006495905258686,13.149999618530273,4.795790545596741,1.900613874140137,2.265921108622454,2.1736147116970854,2.127040520479115,5.88235294117647,Low
2014-12-19,Monte Carlo Fashions Ltd,350.43,645.0,13.96,1.71,6.96,7.83,-2.8874489658101465,1.45858996129693,0.008405743081761844,14.600000381469727,5.862010544903483,2.7053799725463312,0.9969486348916095,2.0744289998562917,2.178155014615869,-9.30232558139535,Low
2015-03-19,Ortel Communications Ltd,174.71,181.0,1.01,0.09,0.39,0.75,-1.4013431663402742,8.170821214677026,0.009503133238914788,15.510000228881836,5.168834908769801,0.6981347220709844,0.08617769624105233,0.3293037471426004,0.5596157879354227,0.0,Low
2015-04-06,Imagicaaworld Entertainment Ltd,374.59,180.0,1.17,0.7,1.37,1.11,-4.557454494928448,2.272657216095819,0.009904075115646553,13.670000076293945,5.928498122911523,0.7747271675523681,0.5306282510621704,0.8628899551470399,0.7466879474879752,-6.69444444444445,Low
2015-04-09,Inox Wind Ltd,1020.53,325.0,35.68,35.38,2.15,18.6,-0.48362245553430494,7.557303484140787,0.009176143437172095,14.350000381469727,6.929056782402053,3.602231647388264,3.5940191730899764,1.1474024528375417,2.975529566236472,23.076923076923077,Medium
2015-04-30,VRL Logistics Ltd,467.88,205.0,58.22,250.86,7.92,74.26,-1.2275059286881107,-7.527635935132704,0.0097362890819117,17.239999771118164,6.150346872168174,4.0812593226734455,5.528873377577701,2.188295946591918,4.3209487851652915,40.487804878048784,High
2015-05-06,MEP Infrastructure Developers Ltd,324.0,63.0,1.02,1.51,0.97,1.11,-1.957368923713343,-5.495584743502279,0.009871559088209868,17.360000610351562,5.783825182329737,0.7030975114131134,0.9202827531436926,0.6780335427498971,0.7466879474879752,0.0,Low
2015-05-14,UFO Moviez India Ltd,600.0,625.0,4.49,1.17,1.02,2.04,-6.205896556564183,-3.411769718457791,0.013466770963279482,20.690000534057617,6.398594934535208,1.7029282555214393,0.7747271675523681,0.7030975114131134,1.1118575154181303,-4.0,Low
2015-05-26,PNC Infratech Ltd,488.44,378.0,4.51,0.65,0.28,1.56,0.7826374883356912,-5.245309158944133,0.012688009521555027,16.93000030517578,6.193261880402593,1.706564623164823,0.5007752879124893,0.2468600779315258,0.9400072584914712,0.7936507936507936,Low
2015-07-09,Manpasand Beverages Ltd,400.0,320.0,1.98,0.38,1.16,1.4,2.9368093057258626,-4.752655910670556,0.008506016078111118,17.790000915527344,5.993961427306569,1.091923300517313,0.32208349916911333,0.7701082216960736,0.8754687373538999,-9.0625,Low
2015-08-11,Syngene International Ltd,550.0,250.0,51.47,90.24,4.78,32.05,0.7795738086657122,1.8146114497462174,0.00776280752130502,15.470000267028809,6.311734809152915,3.9602415776986204,4.5134933974161875,1.7544036826842861,3.498021566297695,18.0,Medium
2015-08-26,Power Mech Projects Ltd,273.22,640.0,27.53,133.22,3.42,38.12,-5.4731894528907254,-4.319215093444784,0.0156907900782097,26.850000381469727,5.613930703928509,3.3509561652254085,4.899480244730094,1.4861396960896067,3.6666338451666167,-6.25,Low
2015-09-09,Navkar Corporation Ltd,600.0,155.0,6.47,0.9,1.62,2.85,-9.147573015860921,-4.461742614315867,0.018275861115515744,24.56999969482422,6.398594934535208,2.010894999144726,0.6418538861723948,0.9631743177730056,1.3480731482996928,-1.935483870967742,Low
2015-09-10,Pennar Engineered Building Systems Ltd,156.19,178.0,2.2,1.44,0.41,1.15,-6.357904834910888,-3.373268577956823,0.01876426396181681,24.299999237060547,5.057455264740146,1.1631508098056809,0.8919980393051105,0.3435897043900769,0.7654678421395714,-15.730337078651685,Low
2015-09-10,Shree Pushkar Chemicals Ltd,70.0,65.0,0.97,2.09,1.54,1.34,-6.357904834910888,-3.373268577956823,0.01876426396181681,24.299999237060547,4.2626798770413155,0.6780335427498971,1.128171090909654,0.9321640810304452,0.8501509293696101,-7.6923076923076925,Low
2015-09-16,Sadbhav Infrastructure Project Ltd,491.66,103.0,3.04,1.66,1.68,2.24,-7.529037467875355,-6.5912596107498445,0.01829105539097102,23.739999771118164,6.199819280948752,1.3962446919730587,0.9783261227936076,0.9858167945227653,1.1755733298042381,7.524271844660194,Low
2015-09-21,Madhyam Agrivet Industries Ltd,362.57,115.0,0.88,1.42,0.34,0.77,-4.668120959735456,-4.9547522940729944,0.01850910230035855,18.290000915527344,5.895971850648506,0.6312717768418579,0.8837675401685949,0.29266961396282,0.5709795465857378,0.0,Low
2015-11-10,Interglobe Aviation Ltd,3008.5,765.0,17.8,3.57,0.92,6.15,-3.351771047212626,-6.465691437001631,0.005045371419656939,17.040000915527344,8.009529230987825,2.9338568698359033,1.5195132049061133,0.6523251860396903,1.9671123567059163,11.895424836601306,Medium
2015-11-16,S H Kelkar & Company Ltd,508.17,180.0,4.68,1.14,0.47,1.84,-4.543332715653592,-7.104000635782148,0.0060070370803869556,17.649999618530273,6.232781949001056,1.7369512327330598,0.76080582903376,0.3852624007906449,1.0438040521731147,23.333333333333332,Medium
2015-12-23,Dr Lal Pathlabs Ltd,631.91,550.0,63.56,61.28,4.24,33.41,-0.8045342210243001,-2.3943538085490212,0.007868054536380082,14.479999542236328,6.4503282319408415,4.1675950239616935,4.131640346965797,1.6563214983329508,3.538347219809389,30.363636363636363,High
2016-01-06,Narayana Hrudayalaya Ltd,613.08,250.0,24.43,3.62,1.89,8.7,0.03533841394145476,-4.121659630680807,0.008848766337040785,16.700000762939453,6.420125212819335,3.2359295794340284,1.5303947050936475,1.0612565021243408,2.272125885509337,16.400000000000002,Medium
2016-02-08,Precision Camshafts Ltd,410.19,186.0,2.62,0.73,2.01,1.91,-1.0464663012186293,-5.862020202590578,0.010642897188008843,18.110000610351562,6.019055394779095,1.2864740258376797,0.5481214085096876,1.1019400787607843,1.068153081183401,-12.31182795698925,Low
2016-02-12,Team Lease Services Ltd,423.68,850.0,26.97,185.24,10.62,66.02,-7.749521478041254,-10.124640437292665,0.013103505720463648,25.969999313354492,6.0513359441453725,3.3311325072138684,5.227036164543073,2.4527277514237653,4.2049910823091645,1.1764705882352942,Low
2016-02-18,Quick Heal Technologies Ltd,451.25,321.0,4.34,36.69,3.82,10.8,-4.39334908815443,-9.36278479726499,0.014581701981579534,21.829999923706055,6.114235124275405,1.6752256529721035,3.629394807279044,1.5727739280625088,2.468099531471619,-5.0000000000000036,Low
2016-03-30,Healthcare Global Enterprises Ltd,649.64,218.0,2.36,0.43,0.83,1.56,8.986312420280228,-4.186559218252439,0.010818405294653968,17.639999389648438,6.47795649385852,1.2119409739751128,0.3576744442718159,0.6043159668533296,0.9400072584914712,-3.7614678899082516,Low
2016-04-01,Bharat Wire Ropes Ltd,70.0,45.0,1.01,2.02,2.08,1.21,10.753467037721443,-2.616927177344408,0.010981737863010408,16.579999923706055,4.2626798770413155,0.6981347220709844,1.1052568313867783,1.1249295969854831,0.7929925155296614,5.222222222222225,Low
2016-04-04,Infibeam Avenues Ltd,450.0,432.0,0.86,2.23,1.31,1.11,6.794927007620033,-1.0043253624115733,0.008833926950891526,17.280000686645508,6.111467339502679,0.6205764877251099,1.172482137234565,0.8372475245337022,0.7466879474879752,6.018518518518518,Low
2016-04-21,Equitas Holdings Ltd,2176.69,110.0,14.93,57.29,1.4,17.21,5.547591265210872,7.669024622500342,0.009949649087211182,17.079999923706055,7.686019960947626,2.768204123921957,4.0654305520574585,0.8754687373538999,2.9019708937395166,30.909090909090907,High
2016-05-09,Thyrocare Technologies Ltd,479.21,446.0,73.18,225.3,8.73,73.55,1.7130944425256756,4.449624463972168,0.008473845340099248,16.950000762939453,6.174223508226715,4.306494572061445,5.421861552639491,2.2752138961979136,4.311470041210748,48.4304932735426,High
2016-05-10,Ujjivan Financial Services Ltd,882.5,210.0,33.84,135.45,4.02,40.68,3.3055967193933666,5.033311107020966,0.009222836514063013,16.610000610351562,6.783891291759751,3.5507661519843023,4.9159582471543475,1.6134299337036377,3.7300213974451113,8.095238095238095,Low
2016-05-19,Parag Milk Foods Ltd,750.54,215.0,1.15,3.08,2.12,1.83,-0.5635060823936278,11.66104922986202,0.007858328436835331,16.450000762939453,6.6221244346561035,0.7654678421395714,1.4060969884160703,1.1378330018213911,1.0402767116551463,0.3255813953488319,Low
2016-07-01,Mahanagar Gas Ltd,1038.88,421.0,72.84,191.61,6.82,64.54,0.8370874996509681,6.817422908539705,0.008165634716352642,16.290000915527344,6.946860600862717,4.301900590194597,5.260667419096131,2.05668455455722,4.182660643270669,28.26603325415677,Medium
2016-07-12,Quess Corp Ltd,400.0,317.0,59.03,392.21,34.08,144.5,3.645639782594845,9.845052517967833,0.008643058646047558,14.850000381469727,5.993961427306569,4.094844437263752,5.974343820299564,3.5576311675039825,4.980176086611547,57.413249211356465,High
2016-07-21,LTIMindtree Ltd,1236.38,710.0,19.91,10.76,7.39,11.69,4.208678965800661,7.575363910621036,0.007822299392962872,15.989999771118164,7.120751520044011,3.0402275134405423,2.464703942470481,2.127040520479115,2.540814281726296,-6.1126760563380245,Low
2016-08-11,Dilip Buildcon Ltd,653.98,219.0,9.76,79.64,2.35,20.95,0.6549657220200622,8.675345242055577,0.006571486746837417,14.920000076293945,6.484604700817924,2.3758355547336385,4.3899948043230586,1.208960345836975,3.08876713952118,9.58904109589041,Low
2016-08-12,S P Apparels Ltd,239.12,268.0,1.0,0.45,0.54,0.66,0.31699230151780444,9.173910246185235,0.006479178143681749,14.210000038146973,5.481138798383642,0.6931471805599453,0.37156355643248307,0.43178241642553783,0.5068176023684519,13.805970149253731,Medium
2016-08-31,RBL Bank Ltd,1212.97,225.0,85.08,198.06,5.7,69.62,1.2253239494703916,6.3925367787500464,0.0068838891622664405,13.020000457763672,7.101651259617235,4.455277096413474,5.2936062868179175,1.9021075263969205,4.25731339050024,21.64444444444444,Medium
2016-09-23,L&T Technology Services Ltd,894.4,860.0,5.01,1.03,1.75,2.53,2.7205082659278235,7.218470408519795,0.007658728438131918,13.34000015258789,6.797270545806865,1.7934247485471162,0.708035793053696,1.0116009116784799,1.2612978709452054,4.651162790697675,Low
2016-09-26,GNA Axles Ltd,130.41,207.0,17.18,217.47,11.84,54.88,2.0953031003825062,9.185145736732947,0.007751110308311736,13.25,4.878322206655547,2.900322088749333,5.386648705338001,2.552565298261815,4.023206534388761,20.048309178743963,Medium
2016-09-29,ICICI Prudential Life Insurance Company Ltd,6056.79,334.0,11.83,28.55,1.42,10.48,1.5997791702296427,6.596177360129207,0.008137253575354088,13.850000381469727,8.709100326080431,2.551786178627545,3.386083743852107,0.8837675401685949,2.4406063908914204,-1.4970059880239521,Low
2016-10-04,HPL Electric & Power Ltd,361.0,202.0,5.77,22.2,3.31,8.06,-0.41654971563370724,4.389112087280811,0.008961723648311416,15.619999885559082,5.891644211825771,1.9125010869241836,3.144152278672264,1.4609379041156565,2.203869120054888,-5.91584158415841,Low
2016-10-19,Endurance Technologies Ltd,1161.73,472.0,53.43,127.07,2.69,43.84,-1.1611727226072288,1.98855514271985,0.008962003258226655,14.539999961853027,7.058525967354253,3.9969154724461085,4.85257698943798,1.3056264580524357,3.8031005982039594,20.76271186440678,Medium
2016-11-07,PNB Housing Finance Ltd,3000.0,775.0,37.33,86.17,1.35,29.55,-3.8247763544296487,-1.3001938530680102,0.006992988193835922,16.850000381469727,8.006700845440367,3.6462328793924637,4.467860235023485,0.8544153281560676,3.4193646856176043,11.35483870967742,Medium
2016-11-08,Varun Beverages Ltd,1112.5,445.0,4.94,0.42,0.82,1.86,-2.823671053814547,-0.6320801669558618,0.007297369804480131,16.510000228881836,7.015263486697422,1.7817091333745536,0.35065687161316933,0.598836501088704,1.0508216248317612,-3.3707865168539324,Low
2016-12-09,Sheela Foam Ltd,510.0,730.0,14.51,3.35,0.44,5.09,-2.195806340429318,-7.882160185702314,0.012276484326993888,15.529999732971191,6.236369590203704,2.7414849771884473,1.4701758451005928,0.36464311358790924,1.8066480817218056,17.80821917808219,Medium
2016-12-19,Laurus Labs Ltd,1330.51,428.0,10.54,3.58,1.67,4.57,0.8093793347350164,-7.594457173228419,0.00947672265001241,15.25,7.194068915552483,2.4458192610799534,1.5216989981260935,0.9820784724121581,1.7173950539391927,14.485981308411214,Medium
2017-03-17,Music Broadcast Ltd,488.53,333.0,39.78,109.13,9.85,39.67,4.110419328880521,12.947985773217251,0.00571732656485121,11.90999984741211,6.193445747120171,3.708191765146309,4.701661486176852,2.3841650799864684,3.7054907199191334,26.126126126126124,Medium
2017-03-21,Avenue Supermarts Ltd (DMart),1870.0,299.0,144.62,277.74,7.51,104.59,3.9741354451469535,13.218089272252364,0.005349137576754655,12.020000457763672,7.534228326274089,4.981000488966565,5.630279447691364,2.1412419425852827,4.659563669818423,102.14046822742475,High
2017-03-31,CL Educate Ltd,238.95,502.0,3.65,0.21,1.63,1.9,2.5481253805060167,12.155388471177941,0.006000471457347055,12.149999618530273,5.4804305683042545,1.536867219599265,0.1906203596086497,0.9669838461896731,1.0647107369924282,-20.717131474103585,Low
2017-04-05,Shankara Building Products Ltd,345.0,460.0,51.62,90.68,15.35,41.88,3.8246462470850062,12.787370848849267,0.005925443389056967,11.489999771118164,5.846438775057724,3.9630962756121466,4.51830425296643,2.794227897343262,3.7584055167625467,18.478260869565215,Medium
2017-05-09,S Chand & Company Ltd,728.6,670.0,44.27,204.65,6.07,59.49,0.5625123033091706,5.828850096118909,0.005205602698477585,11.670000076293945,6.592496438760121,3.8126445614478675,5.326175694676433,1.9558604799084813,4.102478062118823,5.522388059701493,Low
2017-05-18,IRB InvIT Fund,5032.88,102.0,10.81,5.89,0.0,8.57,4.619359278327395,9.18140207405498,0.004819822171485222,10.640000343322754,8.52394633750887,2.468946630209271,1.9300710850255671,0.0,2.258633205464863,1.2254901960784315,Low
2017-05-19,Housing & Urban Development Corporation Ltd,1209.78,60.0,55.45,330.36,10.79,79.53,3.580493165403409,7.421396620101395,0.005542778111088448,11.789999961853027,7.099020059006515,4.033355290595671,5.803205397647274,2.4672517145492794,4.388629785807454,22.41666666666667,Medium
2017-05-29,PSP Projects Ltd,211.68,210.0,8.38,10.39,6.47,8.58,2.707612360895406,7.850094964765408,0.0062123219999882665,10.859999656677246,5.359788688636137,2.238579763018133,2.432735777459091,2.010894999144726,2.2596775919827694,-5.238095238095238,Low
2017-06-06,IndiGrid Infrastructure Fund,2249.96,100.0,1.14,1.6,0.0,1.35,3.8763997644267967,8.139122902419293,0.005641688444166594,11.020000457763672,7.719112070868793,0.76080582903376,0.9555114450274365,0.0,0.8544153281560676,0.0,Low
2017-06-27,Tejas Networks Ltd,776.69,257.0,2.16,0.48,3.1,1.88,-0.2099969242926103,5.209985944101114,0.003209589134552071,11.5600004196167,6.656327987189528,1.1505720275988207,0.3920420877760237,1.410986973710262,1.0577902941478545,0.0,Low
2017-06-29,ERIS Lifesciences Ltd,1741.16,603.0,4.68,0.45,3.51,3.29,-1.38499781696364,3.4609619839215178,0.003476840409956296,11.989999771118164,7.4628810016446945,1.7369512327330598,0.37156355643248307,1.5062971535145868,1.4562867329399256,1.4925373134328357,Low
2017-06-30,Central Depository Services Ltd,523.99,149.0,148.71,563.03,23.83,170.16,-1.2176213134987623,3.6010313053549625,0.003506365483693103,11.380000114440918,6.2633792147911675,5.008700089461746,6.335107441572803,3.2120525995200753,5.142598791548616,67.78523489932886,High
2017-07-04,GTPL Hathway Ltd,484.8,170.0,1.48,2.85,0.99,1.53,-0.3988190811622716,3.7759733477073176,0.004139758663679536,11.199999809265137,6.185797016568072,0.9082585601768908,1.3480731482996928,0.688134638736401,0.9282193027394289,0.0,Low
2017-07-10,AU Small Finance Bank Ltd,1912.51,358.0,78.77,143.51,3.52,53.6,0.19228075034336545,4.642197733977471,0.004084672560597969,10.869999885559082,7.556694530877709,4.379147493923038,4.973348709310239,1.5085119938441398,4.000033882750859,46.64804469273743,High
2017-07-25,Salasar Techno Engineering Ltd,35.87,108.0,0.0,2.59,19.42,11.01,4.088273957854516,6.682080397961099,0.005010098966240973,11.3100004196167,3.607398212246053,0.0,1.2781522025001875,3.01651481273652,2.485739636091892,139.95370370370367,High
2017-08-10,SIS Ltd,779.58,815.0,5.64,1.66,19.51,7.07,0.936728425460176,4.160948300218137,0.005287862931266567,13.449999809265137,6.660037233101347,1.8931119634883424,0.9783261227936076,3.0209125720842893,2.0881534822818573,7.361963190184049,Low
2017-08-11,Cochin Shipyard Ltd,1442.01,432.0,63.52,288.87,8.51,76.19,-0.7223247156879942,3.0916200824082196,0.005393211034820114,13.800000190734863,7.274486488756788,4.166975253257008,5.669432546612789,2.252343876557299,4.346269914961763,0.6944444444444444,Low
2017-09-04,Apex Frozen Foods Ltd,152.25,175.0,1.91,7.82,8.53,6.14,-1.0623380387343118,3.4994784384404287,0.007474103568189172,11.680000305175781,5.032070574816321,1.068153081183401,2.1770218700187,2.254444717666111,1.965712776351493,14.228571428571431,Medium
2017-09-18,Bharat Road Network Ltd,600.65,205.0,1.33,1.63,5.69,1.81,1.8300408702554227,4.474029011498426,0.00596001641538828,11.680000305175781,6.399675880884171,0.8458682675776092,0.9669838461896731,1.900613874140137,1.0331844833456545,-0.04878048780487528,Low
2017-09-21,Matrimony.com Ltd,496.88,985.0,1.88,0.41,18.16,4.44,3.846179615583045,5.91334872519429,0.00536726304203686,11.630000114440918,6.210359084132777,1.0577902941478545,0.3435897043900769,2.9528247725427144,1.6937790608678513,0.0,Low
2017-09-25,Capacit'e Infraprojects Ltd,400.0,250.0,131.32,638.05,17.57,183.03,1.0890741962818362,4.9851219873567665,0.0064058699165681155,12.8100004196167,5.993961427306569,4.885223231275381,6.459982698577723,2.9215473753646144,5.215098787797103,59.599999999999994,High
2017-09-27,ICICI Lombard General Insurance Company Ltd,5700.94,661.0,8.17,0.83,1.23,2.98,0.7702104094692963,3.682420726932789,0.006056475537464957,12.930000305175781,8.648561746793613,2.2159372862683733,0.6043159668533296,0.8020015854720274,1.3812818192963463,-1.6641452344931922,Low
2017-10-03,SBI Life Insurance Company Ltd,8386.4,700.0,12.56,0.7,0.85,3.58,-1.8627764474407393,1.5667801747347276,0.0063358160581719275,12.489999771118164,9.034485858705137,2.6071242825122494,0.5306282510621704,0.6151856390902335,1.5216989981260935,4.757142857142851,Low
2017-10-16,Godrej Agrovet Ltd,1157.31,460.0,150.96,236.04,7.67,95.41,0.8015643434716502,3.4628533314412513,0.007059287231945409,11.260000228881836,7.054717325243,5.023617328319425,5.4682289032653095,2.1598687907924505,4.568609930676289,35.0,High
2017-10-18,MAS Financial Services Ltd,460.04,459.0,148.33,378.53,15.97,128.39,0.8012389227658456,3.657848923553786,0.007036652335274986,11.609999656677246,6.133484807128411,5.006158622069178,5.9389336450946875,2.831447079246135,4.862831099327861,43.790849673202615,High
2017-10-25,General Insurance Corporation of India Ltd,11175.8,912.0,2.25,0.22,0.63,1.38,2.4416903692108693,1.8666433554302753,0.006207615318187373,11.59000015258789,9.321595480336278,1.1786549963416462,0.1988508587451652,0.48858001481867097,0.8671004876833832,-6.798245614035088,Low
2017-11-06,Nippon Life India Asset Management Ltd,1542.24,252.0,118.4,209.44,5.65,81.54,5.701455131127897,3.928446656486817,0.004934560574650204,11.90999984741211,7.341639381421487,4.782479200958502,5.349200576862606,1.8946168546677629,4.413283024324436,16.666666666666664,Medium
2017-11-10,Mahindra Logistics Ltd,828.88,429.0,15.6,2.07,6.1,7.9,3.246438556262521,6.159640839637803,0.005514527691368798,13.270000457763672,6.721281112024939,2.8094026953624973,1.1216775615991057,1.9600947840472698,2.186051276738094,0.6993006993006993,Low
2017-11-13,New India Assurance Company Ltd,9466.98,800.0,2.34,0.12,0.11,1.19,2.2319797220428095,5.3868849091802895,0.005034220594839093,13.479999542236328,9.155670858253105,1.205970806988609,0.11332868530700317,0.10436001532424277,0.7839015438284094,-6.387500000000003,Low
2017-11-14,Khadim India Ltd,543.06,750.0,2.44,0.18,2.33,1.9,0.5655301859900819,3.310502835023965,0.005346576761691458,14.050000190734863,6.299059534891641,1.235471471385307,0.16551443847757338,1.2029723039923526,1.0647107369924282,-3.0666666666666664,Low
2017-11-17,HDFC Life Insurance Company Ltd,8695.0,290.0,16.6,2.29,0.94,4.9,0.0381984925271972,4.719949653870348,0.005854479077393916,13.460000038146973,9.070618428801046,2.8678989020441064,1.1908875647772805,0.6626879730752367,1.7749523509116738,7.241379310344828,Low
2017-12-15,Shalby Ltd,504.8,248.0,4.34,0.42,2.98,2.82,0.3656438911867621,1.0302960487979629,0.006502565465843464,16.40999984741211,6.226141334235865,1.6752256529721035,0.35065687161316933,1.3812818192963463,1.3402504226184837,-4.435483870967742,Low
2017-12-18,Future Supply Chain Solutions Ltd,649.7,664.0,12.36,11.15,3.28,7.56,0.4828113939766343,1.8942585601785966,0.006569719114375983,14.9399995803833,6.478048706500939,2.5922651681085,2.4973291697865574,1.4539530095937054,2.1471001901536506,1.5060240963855422,Low
2017-12-29,Astron Paper & Board Mill Ltd,69.83,50.0,103.36,396.99,77.93,243.29,1.1253470909581287,6.272127294741114,0.006944151245278722,12.300000190734863,4.260282639765531,4.647846460268528,5.986426879340643,4.368561383720311,5.498356044147149,128.0,High
2018-01-22,Apollo Micro Systems Ltd,156.0,275.0,101.93,958.07,40.19,248.51,4.313398743564778,5.821566131097944,0.004268381898644496,13.979999542236328,5.056245805348308,4.6340491455384685,6.86596406492033,3.718195508447989,5.519498994548706,73.81818181818181,High
2018-01-29,Newgen Software Technologies Ltd,424.62,245.0,15.62,5.52,5.18,8.25,5.518198323523094,7.105266415246514,0.004568664707174345,17.510000228881836,6.053546929404526,2.810606789427302,1.8748743759385615,1.8213182714695995,2.224623551524334,3.2653061224489797,Low
2018-02-26,Aster DM Healthcare Ltd,980.14,190.0,2.1,0.55,1.18,1.31,-5.366680455642248,0.8798457790812897,0.008550636813807851,14.199999809265137,6.888715160901901,1.1314021114911006,0.4382549309311553,0.7793248768009976,0.8372475245337022,-4.157894736842108,Low
2018-03-09,H.G. Infra Engineering Ltd,462.0,270.0,8.37,4.97,3.08,4.98,-2.4346877753435137,0.7470486377430197,0.007412377654080317,14.59000015258789,6.137727054086234,2.2375130962503307,1.7867469274045107,1.4060969884160703,1.7884205679625405,0.0,Low
2018-03-23,Bharat Dynamics Ltd,952.79,428.0,1.5,0.5,1.41,1.3,-2.7189377203263754,-3.1182036031315308,0.008408979879651468,15.25,6.860443521430886,0.9162907318741551,0.4054651081081644,0.8796267475025636,0.832909122935104,-15.887850467289718,Low
2018-03-27,Bandhan Bank Ltd,4473.02,375.0,38.67,13.89,1.2,14.63,-3.435303623298691,-3.8061967371694427,0.008942364284554107,15.199999809265137,8.40604261231277,3.6805952345262387,2.7006898466959175,0.7884573603642702,2.749192144433385,29.333333333333332,Medium
2018-04-02,Dharan Infra EPC Ltd,77.4,180.0,1.55,3.44,2.01,2.54,-4.174598197213575,-3.4758890782963014,0.008833441722193384,15.760000228881836,4.361823927356363,0.9360933591703348,1.4906543764441333,1.1019400787607843,1.264126727145683,-24.444444444444443,Low
2018-04-02,Sandhar Technologies Ltd,512.48,332.0,14.49,6.39,1.42,6.19,-4.174598197213575,-3.4758890782963014,0.008833441722193384,15.760000228881836,6.2412110802167255,2.740194654428777,2.0001277349601105,0.8837675401685949,1.9726911717329554,3.91566265060241,Low
2018-04-04,Mishra Dhatu Nigam Ltd (MIDHANI),435.02,90.0,1.96,0.13,0.72,1.21,-2.039993090150194,-1.8884927661224404,0.009206734263602797,15.1899995803833,6.0776881138566,1.085189268335969,0.12221763272424921,0.5423242908253616,0.7929925155296614,-3.3333333333333335,Low
2018-04-04,ICICI Securities Ltd,3514.85,520.0,1.04,0.36,0.88,0.78,-2.039993090150194,-1.8884927661224404,0.009206734263602797,15.1899995803833,8.165036595778973,0.712949807856125,0.3074846997479606,0.6312717768418579,0.5766133643039938,-17.096153846153843,Low
2018-04-09,Lemon Tree Hotels Ltd,1038.68,56.0,3.89,0.12,0.12,1.19,1.747054525716285,-2.1522230963326616,0.009820184960715714,14.75,6.946668252480736,1.5871923034867808,0.11332868530700317,0.11332868530700317,0.7839015438284094,10.000000000000002,Medium
2018-05-21,Indostar Capital Finance Ltd,1844.0,572.0,16.08,6.91,1.48,6.8,0.2943653896475551,2.100516378197592,0.00491018198503674,14.149999618530273,7.520234556474628,2.837908188360424,2.0681277817795625,0.9082585601768908,2.0541237336955462,4.895104895104895,Low
2018-07-02,Rites Ltd,460.51,185.0,71.72,194.56,15.74,67.24,0.16921531987530436,3.768946691719277,0.006159046373787493,12.9399995803833,6.134503722180521,4.286616449869223,5.275867237710445,2.8178010650613294,4.223030903183424,2.7027027027027026,Low
2018-07-02,Fine Organic Industries Ltd,600.17,783.0,12.86,21.01,1.62,8.99,0.16921531987530436,3.768946691719277,0.006159046373787493,12.9399995803833,6.398877756434162,2.6290069937617573,3.0914968955383704,0.9631743177730056,2.301584592660462,4.086845466155811,Low
2018-07-30,TCNS Clothing Co. Ltd,1125.13,716.0,13.47,5.08,0.67,5.27,5.264457920439458,6.216651608080426,0.00485034264233912,12.3100004196167,7.026542254966188,2.6720775406433925,1.8050046959780757,0.5128236264286637,1.8357763546448291,-0.13966480446927373,Low
2018-08-23,CreditAccess Grameen Ltd,1131.19,422.0,5.52,0.98,0.88,2.22,4.385758728207678,8.254082299986344,0.005209898685037523,12.899999618530273,7.031909089201781,1.8748743759385615,0.6830968447064438,0.6312717768418579,1.169381359556317,-8.767772511848342,Low
2018-09-28,Ircon International Ltd,466.94,475.0,12.29,4.92,10.07,9.9,-6.482516465583332,2.456996768793318,0.007944243794594194,16.920000076293945,6.148340082570462,2.587011872725154,1.7783364488959144,2.4042387467205457,2.388762789235098,-13.621052631578944,Low
2018-10-08,AAVAS Financiers Ltd,1640.32,821.0,2.77,0.26,0.25,0.97,-10.449811461375036,-4.234799968163017,0.010868879031301425,19.729999542236328,7.40325607512639,1.3270750014599193,0.23111172096338664,0.22314355131420976,0.6780335427498971,-7.673568818514006,Low
2018-10-10,Garden Reach Shipbuilders & Engineers Ltd,343.59,118.0,1.81,0.31,0.24,1.02,-10.712154427039733,-5.902854098632071,0.010762092801436035,19.760000228881836,5.842355304520125,1.0331844833456545,0.27002713721306015,0.2151113796169455,0.7030975114131134,-11.864406779661017,Low
2019-02-04,Xelpmoc Design and Technologies Ltd,23.0,66.0,1.24,7.69,2.64,3.25,1.5502504095202152,3.5124514502565596,0.006751321114483852,15.720000267028809,3.1780538303479458,0.8064758658669485,2.162172939277301,1.2919836816486494,1.4469189829363254,-15.151515151515152,Low
2019-02-07,Chalet Hotels Ltd,1641.18,280.0,4.66,1.1,0.03,1.57,1.909690766389871,4.508653508616134,0.007088935913665286,15.630000114440918,7.403779906415969,1.7334238922150915,0.7419373447293773,0.0295588022415444,0.9439058989071285,3.9285714285714284,Low
2019-03-29,MSTC Ltd,211.04,120.0,0.29,1.71,2.18,0.7,6.780617136174283,6.53873041034525,0.006391775520403873,16.649999618530273,5.3567749361196055,0.2546422183735807,0.9969486348916095,1.1568811967920856,0.5306282510621704,-7.5,Low
2019-04-01,Embassy Office Parks REIT,4750.0,300.0,2.15,3.09,0.0,2.57,6.780617136174283,6.53873041034525,0.006391775520403873,16.649999618530273,8.46611040118692,1.1474024528375417,1.4085449700547104,0.0,1.2725655957915476,0.0,Low
2019-04-11,Rail Vikas Nigam Ltd,477.11,19.0,1.36,0.8,2.93,1.83,3.7271502838865267,7.047943213975083,0.00668781234564531,21.1299991607666,6.169840831539652,0.8586616190375187,0.5877866649021191,1.3686394258811698,1.0402767116551463,0.0,Low
2019-04-15,Metropolis Healthcare Ltd,1204.29,880.0,8.88,3.03,2.21,5.84,2.6605358526820666,8.436248499586462,0.006263331043011005,21.0,7.094475480870259,2.2905125117597764,1.3937663759585917,1.1662709371419244,1.922787731634459,9.090909090909092,Low
2019-04-16,Polycab India Ltd,1345.26,538.0,92.44,110.42,4.65,51.96,3.059966141758319,7.380955093355501,0.0062846365642712666,21.389999389648438,7.205085656483865,4.537319519079917,4.71330684459267,1.7316555451583495,3.9695369116287527,17.657992565055764,Medium
2019-05-08,Neogen Chemicals Ltd,132.35,215.0,30.49,113.88,16.06,41.18,-1.254297744645927,6.157817950276856,0.007049731827943034,26.479999542236328,4.892977250628023,3.4496700351129332,4.743888105299914,2.836736542063533,3.7419461750506287,16.74418604651163,Medium
2019-08-08,Affle (India) Ltd,459.0,745.0,55.31,198.69,10.96,86.49,-5.595321019995625,-3.266335572084078,0.007017174252758557,16.739999771118164,6.131226489483141,4.030872139266527,5.2967661640553,2.481567748522486,4.471524501118173,24.81879194630872,Medium
2019-08-19,Spandana Sphoorty Financial Ltd,1189.85,856.0,3.11,0.55,0.09,1.05,-5.4733706550802115,-5.6477425826835015,0.008914572517205926,16.649999618530273,7.082422616839232,1.4134230285081433,0.4382549309311553,0.08617769624105233,0.7178397931503169,-3.7383177570093453,Low
2019-08-20,Sterling and Wilson Solar Ltd,2849.64,780.0,1.02,0.89,0.3,0.85,-4.682285625553573,-5.827277257747965,0.008863697614167916,16.75,7.9552988094560675,0.7030975114131134,0.636576829071551,0.26236426446749106,0.6151856390902335,-10.256410256410255,Low
2019-10-14,Indian Railway Catering and Tourism Corporation Ltd,637.97,320.0,108.79,354.52,14.94,111.95,2.4407115507669275,-2.3987997528010174,0.01654750467519696,17.139999389648438,6.459857504918618,4.698569450246641,5.873581506451265,2.768831673362069,4.726945242914012,101.25,High
2019-10-15,Vishwaraj Sugar Industries Ltd,60.0,60.0,1.0,1.76,0.64,1.12,3.2628345441073625,-1.8294707584938341,0.016488113098953587,17.43000030517578,4.110873864173311,0.6931471805599453,1.0152306797290587,0.49469624183610705,0.7514160886839212,2.000000000000005,Low
2019-12-04,CSB Bank Ltd,409.68,195.0,62.18,164.68,44.53,86.93,0.44300362180198505,8.808202620030393,0.0053631820212256725,14.5600004196167,6.017814322430764,4.145987795373939,5.110058217087329,3.818371449346691,4.4765410433909105,41.02564102564102,High
2019-12-12,Ujjivan Small Finance Bank Ltd,745.95,37.0,110.72,473.0,49.09,165.69,0.5886616991986893,7.923830657196818,0.005386118350114497,13.380000114440918,6.615998248488326,4.715995741076976,6.161207321695077,3.9138213873695253,5.116135799954996,56.75675675675676,High
2019-12-30,Prince Pipes and Fittings Ltd,500.0,178.0,3.54,1.21,1.89,2.21,0.7789337718634881,5.829988229296057,0.00580500799956866,10.529999732971191,6.2166061010848646,1.5129270120532565,0.7929925155296614,1.0612565021243408,1.1662709371419244,-10.112359550561797,Low
2020-03-16,SBI Cards & Payment Services Ltd,10340.8,755.0,57.18,45.23,2.5,26.54,-18.40802514545148,-18.165226507912045,0.0250010559285643,51.470001220703125,9.24394921414995,4.063541653067055,3.833628938000134,1.252762968495368,3.315639493300509,-12.847682119205297,Low
2020-07-23,Rossari Biotech Ltd,496.25,425.0,85.26,239.83,7.23,79.37,8.027906226572767,19.933635452639777,0.009050419739466024,24.889999389648438,6.209092917734082,4.457365991219697,5.484091290392243,2.1077860146889784,4.386640972224627,57.647058823529406,High
2020-07-27,Yes Bank Ltd,15000.0,12.0,1.9,0.63,0.47,0.93,7.812293081238564,17.175135929703966,0.009016427560173379,24.540000915527344,9.61587214452889,1.0647107369924282,0.48858001481867097,0.3852624007906449,0.6575200029167942,2.500000000000006,Low
2020-09-17,Happiest Minds Technologies Ltd,702.02,166.0,77.43,351.46,70.94,150.98,1.719341952827036,12.607590508031796,0.008853117570982238,19.65999984741211,6.555385340908119,4.362206507224575,5.864937140636223,4.275832438267478,5.023748933241639,111.44578313253012,High
2020-09-21,Route Mobile Ltd,600.0,350.0,89.76,192.81,12.67,73.3,1.1726633940537523,10.805645721973423,0.008759049009028816,20.049999237060547,6.398594934535208,4.508218659911641,5.2668782977126565,2.6152036507358583,4.308110951723713,102.28571428571429,High
2020-10-01,Chemcon Speciality Chemicals Ltd,318.0,340.0,113.54,449.14,41.21,149.33,-2.491982620827915,5.060829971627401,0.012313979314469852,19.530000686645508,5.765191102784844,4.7409241069657115,6.10955864549045,3.7426571597944074,5.0128328776397435,114.98529411764706,High
2020-10-05,Angel One Ltd,600.0,306.0,3.07,0.11,1.83,1.81,-0.9585814566774986,5.5810124345105905,0.012840044006844156,18.350000381469727,6.398594934535208,1.4036429994545037,0.10436001532424277,1.0402767116551463,1.0331844833456545,-10.130718954248366,Low
2020-10-12,Mazagon Dock Shipbuilders Ltd,443.69,145.0,89.71,678.88,35.63,157.41,4.060966397908161,10.933477145103577,0.01238488983666648,20.3799991607666,6.097377410193878,4.507667604626853,6.521916312009151,3.6008675767907232,5.065186608700759,49.137931034482754,High
2020-10-12,UTI Asset Management Company Ltd,2159.88,554.0,3.34,0.93,2.32,2.31,4.060966397908161,10.933477145103577,0.01238488983666648,20.3799991607666,7.678270825117754,1.4678743481123135,0.6575200029167942,1.199964782928397,1.1969481893889715,-11.507220216606498,Low
2020-10-15,Likhitha Infrastructure Ltd,61.2,120.0,21.99,1.54,23.71,9.51,3.8991304103134006,7.2458492211471714,0.012300643951354585,20.209999084472656,4.130354999745133,3.1350593387750902,0.9321640810304452,3.2072080200005186,2.3523271848888596,8.416666666666663,Low
2020-11-02,Equitas Small Finance Bank Ltd,517.6,33.0,3.91,0.22,2.08,1.95,1.9746971954477388,3.9486076934304615,0.009351251136894065,24.75,6.251132873104564,1.5912739418064292,0.1988508587451652,1.1249295969854831,1.0818051703517284,-6.0606060606060606,Low
2020-12-14,Restaurant Brands Asia Ltd,810.0,60.0,86.64,354.11,68.15,156.65,5.998040616983524,17.28939782374157,0.007567282935220667,18.790000915527344,6.698268054115413,4.473237514727265,5.872427600633912,4.236278058110767,5.06037738599107,92.24999999999999,High
2020-12-24,Mrs Bectors Food Specialities Ltd,540.54,288.0,176.85,620.86,29.33,198.02,4.181868476536654,23.084089585077262,0.0100853826861422,20.5,6.294416932595607,5.180940498394464,6.432714987018936,3.41213732170049,5.2934053221870165,73.95833333333334,High
2021-01-01,Antony Waste Handling Cell Ltd,299.99,315.0,0.89,0.26,0.37,0.49,6.61900676770566,21.5450323148064,0.009160423704945578,21.100000381469727,5.707077041605631,0.636576829071551,0.23111172096338664,0.31481073984003355,0.3987761199573678,36.507936507936506,High
2021-01-29,Indian Railway Finance Corporation Limited,4633.38,26.0,3.78,2.67,3.66,3.49,-1.1758044359227893,18.682997844791792,0.009845163930397804,24.290000915527344,8.441257704219849,1.5644405465033646,1.3001916620664788,1.5390154481375546,1.501852701754163,-3.8461538461538463,Low
2021-02-03,Home First Finance Company India Limited,1153.72,518.0,52.53,39.0,6.59,26.66,3.6436202372981397,23.003313678255033,0.015868873647253885,23.350000381469727,7.051613169323963,3.98024224440529,3.6888794541139363,2.0268315914075385,3.319987326236612,18.17567567567567,Medium
2021-02-05,Stove Kraft Limited,412.63,385.0,8.02,32.72,26.04,18.03,5.297519771140768,21.46279525795567,0.015927882602020233,23.1200008392334,6.024971854412897,2.199444334074532,3.518091133133655,3.2973172511747633,2.946016681308058,21.298701298701296,Medium
2021-02-16,Brookfield India Real Estate Trust,3800.0,275.0,4.78,11.74,0.0,7.94,6.103770953245347,18.367632371553345,0.015551731024735164,22.040000915527344,8.24301946898925,1.7544036826842861,2.5447466501440172,0.0,2.190535589185423,0.018181818181822317,Low
2021-02-25,Nureca Limited,100.0,400.0,3.1,31.59,166.65,39.93,7.263289779846072,15.522072136687658,0.015050796133444925,24.170000076293945,4.61512051684126,1.410986973710262,3.4840054928494704,5.121878472912238,3.7118632905043114,58.73750000000001,High
2021-02-26,Railtel Corporation of India Limited,819.24,94.0,65.14,73.25,16.78,42.39,9.262132742617935,15.167383100310827,0.014685544725569292,22.889999389648438,6.709596980361836,4.191773707553646,4.307437777682809,2.8780742300857587,3.7702289998102594,11.276595744680845,Medium
2021-03-05,Heranba Industries Limited,625.24,627.0,67.45,271.15,11.84,83.29,1.2426420097204849,12.602150982971816,0.013866284793829696,24.149999618530273,6.439733684207711,4.226103551734458,5.606353384880209,2.552565298261815,4.434263234009391,43.54066985645933,High
2021-03-19,Easy Trip Planners Limited,510.0,187.0,77.53,382.21,70.4,159.33,-4.280722238481605,9.224281854668593,0.014270607506441199,20.079999923706055,6.236369590203704,4.363480717386783,5.948583141789613,4.268297869345539,5.077234191200746,10.16042780748663,Medium
2021-03-24,Anupam Rasayan India Limited,760.0,555.0,65.74,97.42,10.77,44.06,0.9474832739627237,7.7495136098332695,0.013779477499352483,20.670000076293945,6.634633357861686,4.2008044733232275,4.589244035437832,2.4655539212721855,3.8079949350040985,-3.6576576576576496,Low
2021-03-25,Laxmi Organic Industries Limited,600.0,130.0,175.43,217.62,20.06,106.79,-1.0769755923113467,4.874147174355459,0.014374765705930841,22.459999084472656,6.398594934535208,5.172924197139975,5.38733506286569,3.0473755067058295,4.680184889793537,20.153846153846146,Medium
2021-03-26,Kalyan Jewellers India Limited,1174.82,87.0,2.76,1.91,2.82,2.61,-4.385927175110127,2.8157041201846367,0.014008201088274375,22.700000762939453,7.069721055519017,1.324418957401803,1.068153081183401,1.3402504226184837,1.2837077723447896,-15.057471264367809,Low
2021-03-26,Suryoday Small Finance Bank Limited,580.84,305.0,2.18,1.31,3.09,2.37,-4.385927175110127,2.8157041201846367,0.014008201088274375,22.700000762939453,6.366195495846285,1.1568811967920856,0.8372475245337022,1.4085449700547104,1.2149127443642704,-3.934426229508197,Low
2021-04-07,Barbeque Nation Hospitality Limited,452.87,500.0,5.11,3.1,13.13,5.98,-2.6341528107023837,3.79782627904921,0.011589660201922857,20.84000015258789,6.117810813424853,1.809926773183504,1.410986973710262,2.648300196696436,1.943048916774281,-1.6,Low
2021-04-19,Macrotech Developers Limited (Lodha Group),2500.0,486.0,3.05,1.44,0.4,1.36,-1.962385991735427,1.2758295625560079,0.014134488879047382,20.399999618530273,7.824445930877619,1.3987168811184478,0.8919980393051105,0.33647223662121295,0.8586616190375187,-9.670781893004115,Low
2021-05-14,Powergrid Infrastructure Investment Trust,7734.99,100.0,4.63,5.07,0.0,4.83,2.6951686878196934,-2.714063482606821,0.009784348686122546,20.079999923706055,8.95363874447459,1.728109442151599,1.803358605071407,0.0,1.763017000362401,4.0,Low
2021-06-24,Sona BLW Precision Forgings Limited,5550.0,291.0,3.46,0.39,1.57,2.28,2.5193690472429475,7.818533919930393,0.004692468984611908,15.369999885559082,8.621733370690162,1.4951487660319727,0.3293037471426004,0.9439058989071285,1.1878434223960523,3.9175257731958686,Low
2021-06-24,Shyam Metalics and Energy Limited,908.55,306.0,155.71,339.98,11.58,121.4,2.5193690472429475,7.818533919930393,0.004692468984611908,15.369999885559082,6.812949971708225,5.054396963535124,5.831823824537085,2.5321082512722946,4.807294370078226,19.934640522875817,Medium
2021-06-28,Dodla Dairy Limited,520.18,428.0,84.88,73.26,11.33,45.61,2.7514177116109373,9.326682586723066,0.00475295299708899,13.369999885559082,6.25609547152901,4.45295097301058,4.307572448748934,2.512035317176253,3.8418151103846494,23.364485981308412,Medium
2021-07-05,India Pesticides Limited,800.0,296.0,42.95,51.88,11.3,29.04,0.3315211647070049,7.073927846307071,0.004368305413405972,12.09000015258789,6.68586094706836,3.783052624131186,3.9680251955434307,2.509599262378372,3.402529826895934,21.62162162162162,Medium
2021-07-23,Eternal Limited,9375.0,76.0,51.79,32.96,7.45,38.25,0.8739723634487495,7.991510406423363,0.005962319120870754,11.890000343322754,9.145908511816794,3.9663217788355247,3.5251833614431467,2.1341664413690826,3.6699514442284173,51.31578947368421,High
2021-08-06,Alivus Life Sciences Limited,1513.6,720.0,36.97,122.54,14.63,44.17,2.613087873741704,9.72240196202212,0.006871118029070348,12.869999885559082,7.322906656679722,3.636796374243711,4.816564990267753,2.749192144433385,3.8104331496665127,4.319444444444447,Low
2021-08-16,Exxaro Tiles Limited,160.77,120.0,17.67,5.36,40.1,22.68,3.7986172406985874,10.888530670124963,0.006571130697928555,12.989999771118164,5.0861755733416025,2.9269179575536315,1.8500283773520307,3.716008121502189,3.164630810015805,5.0,Low
2021-08-16,Windlas Biotech Limited,401.54,460.0,24.4,15.73,24.27,22.47,3.7986172406985874,10.888530670124963,0.006571130697928555,12.989999771118164,5.997794470802852,3.2347491740244907,2.8172035149987327,3.229617921400103,3.155723009862932,-4.565217391304348,Low
2021-08-16,Devyani International Limited,1838.0,90.0,95.27,213.06,39.52,116.71,3.7986172406985874,10.888530670124963,0.006571130697928555,12.989999771118164,7.516977224604321,4.567156743789875,5.366256349556229,3.7017956793804827,4.768223972424389,56.666666666666664,High
2021-08-23,Nuvoco Vistas Corporation Limited,5000.0,570.0,4.23,0.66,0.73,1.71,3.9588487336972955,7.509417669702345,0.0054437276134052534,14.020000457763672,8.517393171418904,1.6544112780768316,0.5068176023684519,0.5481214085096876,0.9969486348916095,-17.36842105263158,Low
2021-08-24,Chemplast Sanmar Limited,3850.0,541.0,2.7,1.03,2.29,2.17,4.038833265225872,7.553859497141158,0.005446941339947716,13.6899995803833,8.25608813381491,1.308332819650179,0.708035793053696,1.1908875647772805,1.1537315878891892,-2.957486136783734,Low
2021-08-24,Aptus Value Housing Finance India Limited,2780.05,353.0,32.41,33.91,1.35,17.2,4.038833265225872,7.553859497141158,0.005446941339947716,13.6899995803833,7.930583833216534,3.508855256368665,3.5527733211169448,0.8544153281560676,2.9014215940827497,-6.529745042492921,Low
2021-09-14,Acutaas Chemicals Limited,569.64,610.0,86.64,154.81,13.36,64.54,6.055219665687694,10.069738140864981,0.005349017868505521,14.029999732971191,6.346758537969783,4.473237514727265,5.0486373162292635,2.664446563620078,4.182660643270669,47.868852459016395,High
2021-09-14,Vijaya Diagnostic Centre Limited,1894.26,531.0,13.07,1.32,1.09,4.54,6.055219665687694,10.069738140864981,0.005349017868505521,14.029999732971191,7.5471113112712604,2.644044871126298,0.8415671856782186,0.7371640659767197,1.7119945007591926,2.1280602636534756,Low
2021-09-24,Sansera Engineering Limited,1282.52,744.0,0.29,0.07,0.87,0.53,7.143515494588959,12.698622159354933,0.006489537358176963,16.600000381469727,7.157361582581688,0.2546422183735807,0.06765864847381481,0.6259384308664953,0.4252677354043441,9.052419354838714,Low
2021-10-01,Paras Defence and Space Technologies Limited,170.78,175.0,169.65,927.7,112.81,304.26,3.17341565405167,11.265387118861337,0.00611678308063963,18.399999618530273,5.146214588338078,5.139614675352716,6.833785758781962,4.734530391293799,5.721163872486976,171.42857142857142,High
2021-10-11,Aditya Birla Sun Life AMC Limited,2768.26,712.0,10.36,4.39,3.24,5.24,3.028047951120505,13.17229672268374,0.007076603118020529,15.649999618530273,7.926335415476556,2.4300984132930052,1.6845453849209058,1.4445632692438664,1.8309801823813363,0.0,Low
2021-11-12,Fino Payments Bank Limited,1200.29,577.0,1.65,0.21,5.92,2.03,-0.6577920376279356,8.134139377062155,0.008282821196353849,16.350000381469727,7.091151258377357,0.9745596399981308,0.1906203596086497,1.9344157696295783,1.1085626195212777,-5.025996533795494,Low
2021-11-15,S.J.S Enterprises Limited,800.0,542.0,1.42,2.32,1.38,1.59,-0.3248585626385081,9.295988034360182,0.008523146101680585,15.220000267028809,6.68586094706836,0.8837675401685949,1.199964782928397,0.8671004876833832,0.9516578757114464,-0.36900369003690037,Low
2021-11-15,Sigachi Industries Limited,125.43,163.0,86.51,172.43,80.49,101.91,-0.3248585626385081,9.295988034360182,0.008523146101680585,15.220000267028809,4.839688795323807,4.47175307254774,5.155774059762495,4.400480313332128,4.6338548198480005,252.76073619631902,High
2021-11-23,Latent View Analytics,600.0,197.0,145.48,850.66,119.44,326.49,-4.189375371957171,4.7637307994377265,0.009025171795504279,17.520000457763672,6.398594934535208,4.986888900366255,6.747187386150408,4.791151703613533,5.791457520257979,169.03553299492387,High
2021-11-26,Tarsons Products,1023.47,662.0,115.77,184.58,10.56,77.49,-4.007742194005804,4.974803175751563,0.009117630711766602,16.65999984741211,6.931930684673345,4.760206188087624,5.223486055925033,2.4475508632442313,4.362971228138722,5.740181268882175,Low
2021-12-10,Star Health and Allied Insurance Company Limited,6400.44,900.0,1.03,0.19,1.1,0.79,-2.777066531263639,0.930832776459467,0.012404940327635554,16.600000381469727,8.76427824403906,0.708035793053696,0.173953307123438,0.7419373447293773,0.5822156198526637,-5.688888888888894,Low
2021-12-13,Tega Industries Limited,619.23,453.0,215.45,666.19,29.44,219.04,-2.027005393669934,0.755470548043724,0.012307106440982997,16.059999465942383,6.430090376989552,5.37735957388799,6.503074862922624,3.415757532993485,5.393809348007258,66.22516556291392,High
2021-12-14,Anand Rathi Wealth Limited,659.38,550.0,2.5,25.42,7.76,9.78,-4.05739459474389,-0.8630363709618227,0.011960996129291933,16.56999969482422,6.492815426911429,1.252762968495368,3.2741212990941793,2.1701959049483,2.377692565480851,9.463636363636356,Low
2021-12-17,Rategain Travel Technologies Limited,1335.74,425.0,8.42,42.04,8.08,17.41,-3.6329554788141483,-0.8536003349195798,0.011944735591567886,15.899999618530273,7.197989092970487,2.2428350885882717,3.762129915853529,2.206074192613202,2.9128939952449864,-14.164705882352937,Low
2021-12-20,Shriram Properties Limited,600.0,118.0,1.85,4.82,12.72,4.6,-4.388462173596885,-3.2843684161826703,0.012262584971094271,16.34000015258789,6.398594934535208,1.0473189942805592,1.7613002617433464,2.6188546222977394,1.7227665977411035,-20.33898305084746,Low
2021-12-24,Data Patterns (India) Limited,588.22,585.0,190.86,254.22,23.14,119.62,-2.6439540416280605,-4.3825014540335605,0.012919505086696467,15.829999923706055,6.3787996283436765,5.256765939389801,5.54212591830583,3.183870215669385,4.792645108022841,47.69230769230769,High
2021-12-27,HP Adhesives Limited,125.96,274.0,1.82,19.04,81.24,20.96,-0.13331739611922577,-4.196666924536185,0.011178440040993033,16.149999618530273,4.843872076218154,1.0367368849500223,2.997730276216664,4.409641801706855,3.08922261664133,16.423357664233578,Medium
2021-12-28,Supriya Lifescience Limited,700.0,274.0,31.83,161.22,56.01,71.51,0.18940352662999427,-3.529107144471888,0.011226491147817548,17.1200008392334,6.55250788703459,3.4913427315135013,5.088953438642199,4.043226691043491,4.2837244833835015,55.1094890510949,High
2021-12-31,CMS Info Systems Limited,1100.0,216.0,1.98,1.45,2.15,1.95,-1.1361058717827666,-2.754473433194371,0.010623212765997229,16.56999969482422,7.00397413672268,1.091923300517313,0.8960880245566356,1.1474024528375417,1.0818051703517284,1.1574074074074074,Low
2022-01-31,AGS Transact Technologies Limited,680.0,175.0,2.68,25.61,3.08,7.79,-0.5928871255259982,-4.399364045234799,0.010320375483808427,20.700000762939453,6.523562306149512,1.3029127521808397,3.281287084989598,1.4060969884160703,2.1736147116970854,0.5714285714285714,Low
2022-02-08,AWL Agri Business Limited (formerly Adani Wilmar Limited),3600.0,230.0,5.73,56.3,3.92,17.37,-3.3633286118949113,-3.6925969833956573,0.011138970478018803,20.440000534057617,8.188966863648876,1.9065751436566365,4.048300623720694,1.5933085305042167,2.9107188992270343,-3.91304347826087,Low
2022-02-16,Vedant Fashions Limited,3149.19,866.0,7.49,1.07,0.39,2.57,-5.21982298007403,-0.368049697699091,0.015041004698317623,20.610000610351562,8.055218047460972,2.138889000323256,0.7275486072772778,0.3293037471426004,1.2725655957915476,8.083140877598153,Low
2022-04-07,Uma Exports Limited,60.0,68.0,2.81,0.94,6.28,4.64,11.204332441972454,-0.02834398124056392,0.010918044869635362,19.020000457763672,4.110873864173311,1.3376291891386096,0.6626879730752367,1.9851308622085946,1.7298840655099674,17.647058823529413,Medium
2022-04-08,Patanjali Foods Limited (formerly Ruchi Soya Industries Limited),4300.0,650.0,2.2,11.75,0.9,3.6,7.91785555405129,-2.0204628274546055,0.010769136621430309,19.0,8.366602832783736,1.1631508098056809,2.5455312716044354,0.6418538861723948,1.5260563034950494,30.76923076923077,High
2022-04-11,Veranda Learning Solutions Limited,200.0,137.0,2.02,2.09,5.68,2.24,7.1675586520661305,-1.5031244375060537,0.010488025066296789,17.690000534057617,5.303304908059076,1.1052568313867783,1.128171090909654,1.8991179875485544,1.1755733298042381,14.5985401459854,Medium
2022-04-13,Hariom Pipe Industries Limited,130.05,153.0,1.91,2.68,6.92,3.57,3.9060414401027366,-3.9845981929385044,0.010638654430369253,18.15999984741211,4.875578929769415,1.068153081183401,1.3029127521808397,2.0693912058263346,1.5195132049061133,39.869281045751634,High
2022-05-09,Campus Activewear (India) Limited,1399.6,292.0,152.04,10.68,4.73,28.55,-8.610101445597863,-6.308699508248228,0.011167633286637921,21.25,7.244655995221417,5.030699325131997,2.4578779774000807,1.7457155307266483,3.386083743852107,21.575342465753426,Medium
2022-05-10,Rainbow Children’s Medicare Limited,1580.85,542.0,38.9,1.37,0.7,5.25,-8.455920619616064,-5.296684137485319,0.011143067989469574,22.030000686645508,7.366350327144476,3.686376323895818,0.8628899551470399,0.5306282510621704,1.8325814637483102,-6.642066420664207,Low
2022-05-17,Life Insurance Corporation of India (LIC),20557.2,949.0,2.83,1.39,1.14,1.64,-9.346436609957177,-5.9402292383360145,0.011573188439001687,24.530000686645508,9.931015167098364,1.3428648031925547,0.8712933659434192,0.76080582903376,0.9707789171582247,-8.619599578503683,Low
2022-05-20,Prudent Corporate Advisory Services Limited,537.94,630.0,1.26,0.74,0.61,0.81,-7.744559611594093,-8.640472778924945,0.013639661707364541,24.559999465942383,6.289604247458597,0.8153648132841945,0.5538851132264376,0.4762341789963716,0.5933268452777344,4.761904761904762,Low
2022-05-24,Delhivery Limited,5235.0,487.0,2.66,0.27,0.31,0.39,-5.574492512429996,-5.764923287178325,0.014783337660057221,23.399999618530273,8.56331312702979,1.297463147413275,0.23901690047049992,0.27002713721306015,0.3293037471426004,1.2320328542094456,Low
2022-05-24,Venus Pipes & Tubes Limited,165.42,326.0,12.02,6.59,11.12,8.69,-5.574492512429996,-5.764923287178325,0.014783337660057221,23.399999618530273,5.114514713472284,2.5664866367804233,2.0268315914075385,2.4948569806411682,2.2710944259026746,2.7607361963190185,Low
2022-05-27,Paradeep Phosphates Limited,1501.73,42.0,3.01,0.32,0.8,0.83,-5.095842215785318,-0.4788284291389888,0.01426356044804473,22.719999313354492,7.315038732897085,1.3887912413184778,0.2776317365982795,0.5877866649021191,0.6043159668533296,3.6904761904761836,Low
2022-05-30,Ethos Limited,402.26,878.0,1.06,0.76,0.32,0.61,-5.175981197503898,-1.8366120884252601,0.014218588579632183,21.479999542236328,5.99958151520993,0.7227059828014898,0.5653138090500605,0.2776317365982795,0.4762341789963716,-5.466970387243736,Low
2022-06-01,eMudhra Ltd,412.79,256.0,4.05,1.28,2.61,2.72,-2.838748611314379,-0.12886006826902108,0.01494313249391335,20.479999542236328,6.025358598755538,1.6193882432872684,0.8241754429663495,1.2837077723447896,1.3137236682850553,5.859375,Low
2022-06-03,Aether Industries,808.04,642.0,17.57,1.33,0.59,2.91,-0.3275881790084867,2.3554457110863014,0.014154024564889971,20.31999969482422,6.695848359593915,2.9215473753646144,0.8458682675776092,0.46373401623214017,1.3635373739972745,9.992211838006227,Low
2022-08-26,Syrma SGS Technologies,840.13,220.0,87.56,7.13,2.84,15.59,6.300710295150402,5.655253795359716,0.007629019855652107,19.56999969482422,6.73474622591049,4.4836802884003815,2.0955609235597192,1.3454723665996355,2.808800104202353,19.090909090909093,Medium
2022-09-06,Dreamfolks Services,562.1,326.0,70.53,37.66,43.66,56.68,1.5967793260788676,8.006424340848305,0.009338191280851437,19.65999984741211,6.333457232260573,4.270116942120293,3.654805473780185,3.799078246412012,4.054910492976694,54.90797546012271,High
2022-09-15,Tamilnad Mercantile,807.84,510.0,1.62,2.94,6.48,2.86,1.0013884798249606,17.721581063850667,0.009488634449762851,18.280000686645508,6.695601122467529,0.9631743177730056,1.3711807233098425,2.012232791986386,1.3506671834767394,0.0,Low
2022-09-26,Harsha Engineers,755.0,330.0,178.26,40.36,12.44,47.19,-1.1134265931627474,9.31943695259665,0.010739143474654168,20.59000015258789,6.628041376179533,5.188837265929216,3.7223142302001735,2.5982353350950036,3.8751515306522415,34.54545454545455,High
2022-10-17,Electronics Mart India,500.0,59.0,169.54,63.59,19.72,71.93,-3.8691373284772013,5.572990255551802,0.0117217054146596,18.260000228881836,6.2166061010848646,5.138969873313903,4.168059600044382,3.031099417391282,4.289500076996141,51.52542372881357,High
2022-10-20,Tracxn Technologies,309.38,80.0,1.66,0.23,2.39,0.71,-1.7063074440468728,5.462127941464301,0.011013083412527417,17.489999771118164,5.7377973532434785,0.9783261227936076,0.20701416938432615,1.220829921392359,0.5364933705145685,3.75,Low
2022-11-11,DCX Systems Ltd,500.0,207.0,84.32,43.97,61.77,69.79,6.150942467539244,2.090714189648346,0.005814081564256341,15.569999694824219,6.2166061010848646,4.44640889360315,3.805995600782616,4.13947725232944,4.259717747786098,38.28502415458937,High
2022-11-15,Fusion Finance Ltd,1103.99,368.0,8.59,1.38,0.51,2.95,7.727599417173936,2.8268910148525173,0.006293617506210125,14.90999984741211,7.007591564137148,2.2607208888953467,0.8671004876833832,0.412109650826833,1.3737155789130306,-2.0380434782608696,Low
2022-11-16,Global Health Limited,2205.57,336.0,28.64,4.02,0.88,9.58,7.085549190494733,2.5587605535199343,0.006116745181953594,14.640000343322754,7.69919455265688,3.389124800427886,1.6134299337036377,0.6312717768418579,2.3589654264301534,18.497023809523803,Medium
2022-11-16,Bikaji Foods International Limited,880.85,300.0,80.63,7.1,4.77,26.67,7.085549190494733,2.5587605535199343,0.006116745181953594,14.640000343322754,6.782021973516374,4.402196841463264,2.0918640616783932,1.752672080520008,3.3203487937988347,7.049999999999993,Low
2022-11-21,Five Star Business Finance Limited,1588.51,474.0,1.77,0.61,0.11,0.7,4.541965713286422,4.670774802411737,0.006097804967563335,14.390000343322754,7.371181071617635,1.0188473201992472,0.4762341789963716,0.10436001532424277,0.5306282510621704,-5.073839662447259,Low
2022-11-21,Archean Chemical Industries Limited,1462.31,407.0,48.91,14.9,9.96,32.23,4.541965713286422,4.670774802411737,0.006097804967563335,14.390000343322754,7.288456271943683,3.9102213834815176,2.766319109226186,2.3942522815198695,3.503453082366503,10.319410319410318,Medium
2022-11-22,Kaynes Technology India Limited,857.82,587.0,98.47,21.21,4.1,34.16,3.3933142972410346,3.3136067060162144,0.006513841217434179,14.800000190734863,6.755559354042727,4.599856091164322,3.100542637906336,1.62924053973028,3.559909072816976,32.027257240204435,High
2022-11-23,Inox Green Energy Limited,740.0,65.0,1.05,0.47,4.7,1.55,3.799994354969738,3.631081192322738,0.006541861026184501,13.84000015258789,6.608000625296087,0.7178397931503169,0.3852624007906449,1.7404661748405044,0.9360933591703348,-6.923076923076923,Low
2022-11-24,Keystone Realtors Limited,635.0,541.0,3.84,3.03,0.53,2.01,3.0258167308207407,4.25055180330054,0.006337286475101007,14.039999961853027,6.455198563340122,1.5769147207285403,1.3937663759585917,0.4252677354043441,1.1019400787607843,2.5878003696857674,Low
2022-12-08,Dharmaj Crop Guard Limited,251.09,237.0,48.21,52.29,21.53,35.49,2.2222834168640127,4.077475104524031,0.006316733210358509,14.079999923706055,5.529786166608236,3.8960968548778867,3.975748696308691,3.114847754444153,3.5970382504483562,12.236286919831224,Medium
2022-12-12,Uniparts India Limited,835.61,577.0,67.14,17.86,4.63,25.32,0.8005602101362808,2.3605292164845526,0.004893971916945334,13.479999542236328,6.729358012080336,4.22156441223282,2.937043277205311,1.728109442151599,3.2703291064571163,-0.34662045060658575,Low
2022-12-22,Sula Vineyards Limited,960.35,357.0,4.13,1.51,1.65,2.33,-0.3730741661990722,5.031063720953255,0.006446930644833639,15.5600004196167,6.868338546618346,1.635105659182678,0.9202827531436926,0.9745596399981308,1.2029723039923526,0.2801120448179272,Low
2022-12-23,Abans Financial Services Limited,345.6,270.0,4.1,1.48,0.4,1.1,-1.9300372078662642,6.529320575652076,0.005833347717346908,15.1899995803833,5.848171377281505,1.62924053973028,0.9082585601768908,0.33647223662121295,0.7419373447293773,0.0,Low
2022-12-23,Landmark Cars Limited,552.0,506.0,8.71,1.32,0.59,3.06,-1.9300372078662642,6.529320575652076,0.005833347717346908,15.1899995803833,6.315358001522335,2.2731562823032334,0.8415671856782186,0.46373401623214017,1.4011829736136412,-6.857707509881421,Low
2022-12-29,KFin Technologies Limited,1500.0,366.0,4.17,0.23,1.36,2.59,-3.3896884460305476,6.014562788988087,0.0073404916832842644,15.399999618530273,7.313886831633462,1.6428726885203377,0.20701416938432615,0.8586616190375187,1.2781522025001875,0.819672131147541,Low
2022-12-30,Elin Electronics Limited,475.0,247.0,4.51,3.29,2.2,3.09,-3.303654485049834,7.719686160232508,0.0073724910392868,14.8100004196167,6.16541785423142,1.706564623164823,1.4562867329399256,1.1631508098056809,1.4085449700547104,-1.6194331983805668,Low
2023-01-04,Radiant Cash Management Services Limited,256.64,94.0,1.01,0.66,0.21,0.53,-2.200314968285255,5.301293239637084,0.007495712209167232,14.390000343322754,5.55156326167869,0.6981347220709844,0.5068176023684519,0.1906203596086497,0.4252677354043441,5.638297872340423,Low
2023-01-12,Sah Polymers Limited,66.3,65.0,2.4,32.69,39.78,17.46,-4.097477160005248,3.372834778299927,0.008464119675746985,15.4399995803833,4.209160236650682,1.2237754316221157,3.5172010574184616,3.708191765146309,2.9156062290747062,30.76923076923077,High
2023-03-14,Divgi Torqtransfer Systems Limited,412.12,590.0,7.83,1.4,4.31,5.44,-3.9324571934589603,-6.845541287949453,0.008041801629766412,16.219999313354492,6.023738107658278,2.178155014615869,0.8754687373538999,1.6695918352538475,1.8625285401162623,1.694915254237288,Low
2023-03-23,Global Surfaces Limited,154.98,140.0,8.95,33.1,5.12,12.21,-3.7853268282849073,-4.788889220169191,0.008123024180734234,14.8100004196167,5.049727793902352,2.2975725511705014,3.529297384289471,1.8115620965242347,2.580974118534234,16.428571428571427,Medium
2023-04-03,Udayshivakumar Infosolutions Limited,66.0,35.0,40.47,60.42,14.1,30.63,-0.5223248576558759,-4.787047033197189,0.00850992096638482,12.9399995803833,4.204692619390966,3.7249702742582897,4.117735515012677,2.714694743820879,3.4541060373175574,0.0,Low
2023-04-18,Avalon Technologies Limited,865.0,436.0,3.57,0.41,0.84,2.21,3.89331172782561,-1.3908535325898086,0.0060735482737714185,12.270000457763672,6.763884908562435,1.5195132049061133,0.3435897043900769,0.6097655716208943,1.1662709371419244,-1.146788990825688,Low
2023-05-19,Nexus Select Trust,3200.0,100.0,0.0,0.0,0.0,3.61,2.9014499822632045,0.6333290510796896,0.005430767750809312,12.800000190734863,8.071218539969863,0.0,0.0,0.0,1.5282278570085572,2.269999999999996,Low
2023-06-16,IKIO Technologies Limited (formerly IKIO Lighting Limited),606.5,285.0,163.58,63.35,13.86,66.3,3.078609784785069,10.023196349573226,0.004290509877779172,11.079999923706055,6.409352175214703,5.1033967741775665,4.164336934042136,2.698673039289613,4.209160236650682,37.19298245614035,High
2023-07-04,HMA Agro Industries Limited,480.0,585.0,1.74,2.97,0.96,1.62,4.254057054253568,11.061583991202317,0.005120120712390449,11.539999961853027,6.175867270105761,1.007957920399979,1.3787660946990992,0.6729444732424258,0.9631743177730056,5.128205128205128,Low
2023-07-10,Cyient DLM Limited,592.0,265.0,90.44,45.05,49.22,67.31,3.7417054383815262,9.08177792413294,0.005361216167560885,11.529999732971191,6.385194398997726,4.515683019486556,3.8297277627013155,3.916413353729439,4.224056168743758,51.320754716981135,High
2023-07-14,Senco Gold Limited,405.0,317.0,180.94,64.99,15.46,73.35,3.5074275064065796,9.929698052321845,0.005249049503678444,10.9399995803833,6.0063531596017325,5.203676962393915,4.18950321539533,2.800933195248924,4.308783672906164,35.96214511041009,High
2023-07-21,Utkarsh Small Finance Bank Limited,500.0,25.0,124.85,81.64,72.11,101.91,5.951687606884404,12.436655405405395,0.005184455624493706,11.789999961853027,6.2166061010848646,4.835090721581325,4.414493824811383,4.291965156305224,4.6338548198480005,59.80000000000001,High
2023-07-27,Netweb Technologies India Limited,631.0,500.0,228.91,81.81,19.15,90.36,5.106446005707199,8.985462886519935,0.005757158493618574,10.460000038146973,6.448889394146858,5.437687927995845,4.416548827045609,3.0032042883926917,4.5148077459077,88.5,High
2023-08-07,Yatharth Hospital & Trauma Care Services Limited,686.55,300.0,85.1,37.22,8.34,36.16,0.958002934365143,6.667759742034218,0.005961733254390412,10.569999694824219,6.533134554168954,4.455509411433685,3.643358938812127,2.234306252240751,3.6152329139456376,1.3333333333333335,Low
2023-08-16,SBFC Finance Limited,1025.0,57.0,192.9,49.09,10.99,70.16,-1.4047594087430504,6.763298967258113,0.005654268239633962,12.0,6.933423025730715,5.267342562248606,3.9138213873695253,2.4840729690394228,4.264930862797635,43.84210526315789,High
2023-08-18,Concord Biotech Limited,1550.52,741.0,67.67,16.99,3.78,24.87,-2.3591833945159513,5.544201002834104,0.005601933537024585,12.239999771118164,7.346990374556236,4.229312422632585,2.8898160479624417,1.5644405465033646,3.2530839961979376,21.46423751686909,Medium
2023-08-23,TVS Supply Chain Solutions Limited,880.0,197.0,1.35,2.35,7.61,2.78,-1.4024780776238255,4.849357562929524,0.00479066804500015,11.75,6.78105762593618,0.8544153281560676,1.208960345836975,2.1529243184396396,1.3297240096314962,4.720812182741123,Low
2023-08-29,Pyramid Technoplast Limited,153.05,166.0,9.94,32.24,14.72,18.29,-1.7306277164084949,4.426178314018747,0.0047443173973351505,12.399999618530273,5.037277225042677,2.392425796993835,3.5037539699872475,2.7549337870010606,2.9595868269176377,11.44578313253012,Medium
2023-08-31,Aeroflex Industries Limited,351.0,108.0,194.73,126.13,34.41,97.11,-1.9565741957947913,4.052950976838243,0.004564896439359076,11.800000190734863,5.863631175598097,5.276736158514432,4.845210184962031,3.566994266123812,4.586089298175299,82.77777777777779,High
2023-09-05,Vishnu Prakash R P Limited,308.61,99.0,171.69,111.03,32.02,87.82,0.06046411461801959,4.7988814460705465,0.004208872337754046,10.960000038146973,5.735313440935549,5.151498079596578,4.7187666925706315,3.497113438491982,4.486611849863956,64.94949494949496,High
2023-09-11,Rishabh Instruments Limited,490.78,441.0,72.54,31.29,8.44,31.65,1.4166105423839337,5.673141816517946,0.004249841125481755,10.779999732971191,6.19803146201739,4.297829475873126,3.4747575847701837,2.2449559801574095,3.48584485572244,4.308390022675737,Low
2023-09-11,Ratnaveer Precision Limited,165.03,98.0,133.05,135.21,54.01,93.99,1.4166105423839337,5.673141816517946,0.004249841125481755,10.779999732971191,5.112168494919695,4.898212864681969,4.914197812459251,4.007514986887367,4.553771622902091,30.612244897959183,High
2023-09-18,Jupiter Life Line Limited,869.08,735.0,187.32,34.75,7.73,63.72,4.568577669795393,7.082307106782215,0.0039579069841365645,10.899999618530273,6.768585161444106,5.238142643511966,3.5765502691400166,2.166765369851511,4.170070272750237,30.612244897959183,High
2023-09-21,EMS Limited,321.25,211.0,0.67,29.73,16.62,15.05,2.6033175772546935,6.62130878157563,0.0050634670567116045,11.130000114440918,5.775327641819297,0.5128236264286637,3.425239376142393,2.8690346205080335,2.775708849576025,33.43601895734597,High
2023-09-22,Samhi Hotels Limited,1370.1,126.0,8.82,1.22,1.11,5.33,1.5344044917455335,5.623771799353272,0.005461129597254302,10.819999694824219,7.22336861636261,2.2844211223663744,0.7975071958841881,0.7466879474879752,1.8453002361560848,3.6111111111111196,Low
2023-09-22,Zaggle Prepaid Ocean Limited,563.38,164.0,16.73,8.85,5.94,12.57,1.5344044917455335,5.623771799353272,0.005461129597254302,10.819999694824219,6.335727783489703,2.8752581200861167,2.2874714551839976,1.937301774518713,2.6078614738467776,-1.2195121951219512,Low
2023-09-27,Sai Silks (Kalamandir) Limited,1201.0,222.0,12.35,2.47,0.88,4.4,1.8576996484869879,2.4787491727561894,0.005238844716530388,11.1899995803833,7.091742115095153,2.5915163848462583,1.244154593958768,0.6312717768418579,1.6863989535702286,3.648648648648646,Low
2023-09-27,Signature Global India Limited,730.0,385.0,12.71,13.54,6.82,11.88,1.8576996484869879,2.4787491727561894,0.005238844716530388,11.1899995803833,6.594413459749778,2.6181254935742233,2.6769034721053733,2.05668455455722,2.5556757206762075,15.584415584415584,Medium
2023-09-28,Yatra Online Limited,775.0,142.0,2.05,0.42,2.11,1.61,1.9325109050524647,2.0385426435635345,0.005248531292166645,11.59000015258789,6.654152520183219,1.11514159061932,0.35065687161316933,1.1346227261911428,0.9593502213346021,-8.450704225352112,Low
2023-10-03,Manoj Vaibhav Gems,270.2,215.0,1.06,5.18,1.66,2.25,1.9970083017293971,1.2361820823775016,0.005752862587280213,11.449999809265137,5.60285655606624,0.7227059828014898,1.8213182714695995,0.9783261227936076,1.1786549963416462,0.0,Low
2023-10-03,JSW Infrastructure Limited,2800.0,119.0,57.09,15.99,10.32,37.37,1.9970083017293971,1.2361820823775016,0.005752862587280213,11.449999809265137,7.937731775260109,4.061993532004442,2.8326249356838407,2.4265710727750367,3.647275904258861,20.168067226890756,Medium
2023-10-04,Updater Services Limited,640.0,300.0,4.48,0.85,1.39,2.9,0.4808220865825552,0.16130037230714933,0.005572341319777656,11.789999961853027,6.46302945692067,1.7011051009599243,0.6151856390902335,0.8712933659434192,1.3609765531356006,-0.03333333333334091,Low
2023-10-06,Valiant Laboratories Limited,152.46,140.0,20.83,73.64,16.06,29.76,-0.1489171849832771,0.98083584614308,0.005697715491207479,10.9399995803833,5.033439946749519,3.0832851705618527,4.312676556539088,2.836736542063533,3.4262151446374434,15.0,Medium
2023-10-12,Plaza Wires Limited,71.28,54.0,42.84,388.09,374.81,160.97,-0.9251688613869047,1.2617220443916333,0.005964317513087819,10.989999771118164,4.280547465724028,3.7805466426397603,5.963810679326144,5.92908369652421,5.087411132898305,55.55555555555556,High
2023-10-26,IRM Energy Limited,544.36,505.0,44.73,48.34,9.29,27.05,-2.807689978626815,-2.7352630955161494,0.006194263521606016,11.3100004196167,6.30144612705453,3.822754537669964,3.8987351111012107,2.331172549845958,3.3339886319687055,-5.148514851485149,Low
2023-11-01,Blue Jet Healthcare Limited,840.27,346.0,13.72,13.59,2.24,7.95,-2.844956791824016,-2.2889407191370226,0.006953277389090853,11.829999923706055,6.734912654821954,2.6892071133007303,2.6803363625346943,1.1755733298042381,2.191653532286764,4.017341040462421,Low
2023-11-06,Cello World Limited,1900.0,648.0,108.57,24.42,3.06,38.9,-1.6123729743038773,-1.87118203658867,0.0071338868151894705,10.880000114440918,7.550135342488429,4.696563614417302,3.2355362657613083,1.4011829736136412,3.686376323895818,28.240740740740737,Medium
2023-11-07,Honasa Consumer Limited (Mamaearth),1701.44,324.0,11.5,4.02,1.35,7.61,-1.2300608034192417,-0.8129417605804212,0.007365264108537317,11.109999656677246,7.439817795111894,2.5257286443082556,1.6134299337036377,0.8544153281560676,2.1529243184396396,0.0,Low
2023-11-10,ESAF Small Finance Bank Limited,463.0,60.0,173.52,84.37,16.97,73.15,-2.1000529309124882,-0.1698553073249065,0.006702403843391252,10.979999542236328,6.139884552226255,5.1620393482554086,4.446994751022215,2.8887037007954675,4.306090068583941,19.833333333333343,Medium
2023-11-13,Protean eGov Technologies Limited,489.95,792.0,46.94,31.62,8.93,23.86,-1.8624350339749407,-0.047344402134974484,0.006727406471641038,11.109999656677246,6.196342289615299,3.869950229006238,3.4849255971928677,2.295560478057081,3.213260086082565,0.0,Low
2023-11-15,ASK Automotive Limited,833.91,282.0,142.41,35.47,5.7,51.14,-1.5568791929385095,-0.11019377729257762,0.006732847171456835,11.1899995803833,6.727323934610559,4.965707660741121,3.596490004820589,1.9021075263969205,3.9539324085053558,8.120567375886518,Low
2023-11-29,Indian Renewable Energy Development Agency Limited (IREDA),2150.21,32.0,104.57,24.16,7.73,38.8,4.422944092979297,2.8281999471496677,0.004372324285751601,12.180000305175781,7.6737857535120915,4.659374240001603,3.22525543183224,2.166765369851511,3.6838669122903918,56.25,High
2023-11-30,Gandhar Oil Refineries Limited,500.69,169.0,129.0,62.23,28.95,64.07,4.992968978711643,3.8720886777104724,0.004712198470619226,12.710000038146973,6.217982399061142,4.867534450455582,4.146778872070522,3.3995293245614584,4.175463613506893,74.79289940828401,High
2023-11-30,Fedbank Financial Services Limited,1092.26,140.0,3.51,1.45,1.82,2.2,4.992968978711643,3.8720886777104724,0.004712198470619226,12.710000038146973,6.996919337289842,1.5062971535145868,0.8960880245566356,1.0367368849500223,1.1631508098056809,-1.607142857142857,Low
2023-12-01,Flair Writing Instruments Limited,593.0,304.0,115.6,33.37,13.01,46.68,5.521870494244152,4.567148166565338,0.004525256248360151,12.6899995803833,6.386879319362645,4.758749273916392,3.5371840908617425,2.6397713603489157,3.8645120227570944,65.46052631578947,High
2023-12-20,India Shelter Finance Limited,1200.0,493.0,89.7,28.51,9.95,36.71,8.93216009634914,7.796934830178892,0.006065386332369836,13.869999885559082,7.0909098220799835,4.507557357121091,3.3847291889548483,2.3933394562625097,3.6299253112702656,24.27991886409737,Medium
2023-12-21,Inox India Limited,1459.32,660.0,147.8,53.2,15.3,61.28,6.908569674643394,7.130867445389999,0.007330647068595664,14.449999809265137,7.286410868768567,5.002603122398992,3.9926809084456005,2.791165107812717,4.131640346965797,41.38636363636363,High
2023-12-26,Suraj Estate Developers Limited,400.0,360.0,24.31,18.9,9.3,15.65,7.814364158292086,8.512771793352169,0.0072635171472107424,13.710000038146973,5.993961427306569,3.2311995745570328,2.990719731730447,2.33214389523559,2.812410216426453,-4.499999999999997,Low
2023-12-26,Motisons Jewellers Limited,151.09,55.0,157.4,233.91,122.28,159.61,7.814364158292086,8.512771793352169,0.0072635171472107424,13.710000038146973,5.024472450884278,5.0651234793803255,5.459202462065674,4.814458191011861,5.078979066074806,88.90909090909092,High
2023-12-26,Muthoot Microfin Limited,960.0,291.0,17.47,13.2,7.61,11.52,7.814364158292086,8.512771793352169,0.0072635171472107424,13.710000038146973,6.8679744089702925,2.9161477942111484,2.653241964607215,2.1529243184396396,2.5273273656719524,-4.4673539518900345,Low
2023-12-27,RBZ Jewellers Limited,100.0,100.0,13.43,9.27,24.74,16.86,8.31864315000681,9.034719376388889,0.007197426814989041,14.680000305175781,4.61512051684126,2.6693093727857793,2.329227023940467,3.2480462021679806,2.882563575448353,0.0,Low
2023-12-27,Credo Brands Marketing Limited,549.78,280.0,104.95,55.52,19.94,51.85,8.31864315000681,9.034719376388889,0.007197426814989041,14.680000305175781,6.311335455374621,4.662967284714308,4.034594557816327,3.041661205442391,3.9674577123162464,0.7142857142857143,Low
2023-12-28,Azad Engineering Limited,740.0,524.0,179.66,87.61,23.79,80.65,8.874195440754008,9.830881614356347,0.007317740997995445,15.5600004196167,6.608000625296087,5.1966168117216975,4.484244718059211,3.210440346047099,4.402441819416474,35.49618320610687,High
2023-12-29,Innova Captab Limited,570.0,448.0,116.73,64.95,17.15,55.26,8.370070768540883,11.550913370050475,0.007185496850931056,15.140000343322754,6.3473892096560105,4.768393867090105,4.188896879163323,2.8986705607108596,4.029983803061711,1.8080357142857193,Low
2024-01-16,Jyoti CNC Automation Limited,1000.0,331.0,44.13,36.48,26.17,38.53,2.9864811909550593,11.538496422532374,0.006421444495764972,13.789999961853027,6.90875477931522,3.80954721383891,3.6238074573702215,3.3021134234382563,3.677059877308594,12.386706948640484,Medium
2024-01-23,Medi Assist Healthcare Services Limited,1171.58,418.0,40.14,14.85,3.19,16.25,1.7282932567681986,12.139201009374156,0.007641284597863151,13.880000114440918,7.066961728270041,3.716980884224811,2.7631695003232895,1.4327007339340463,2.847812143477369,11.24401913875598,Medium
2024-01-30,Epack Durable Limited,640.05,230.0,25.5,28.1,6.29,16.37,-0.18871471138925955,13.566233383784997,0.00951371966592114,15.680000305175781,6.46310745699871,3.2771447329921766,3.370738174177447,1.986503546020567,2.854744580253014,-2.1739130434782608,Low
2024-01-31,Nova Agritech Limited,143.81,41.0,79.31,224.08,77.12,109.37,-0.9631260640722172,12.80163132354122,0.009758880542373791,16.100000381469727,4.975422538340511,4.38589414620037,5.416455894565078,4.358246106008478,4.703838357784793,36.58536585365854,High
2024-02-06,BLS E-Services Limited,309.29,135.0,123.3,300.14,237.0,162.47,0.5221926228602625,12.157323367290429,0.009910479502299405,15.619999885559082,5.737507344057822,4.822697998516666,5.707575272894897,5.472270673671475,5.096629487263117,128.88888888888889,High
2024-02-12,Apeejay Surrendra Group (conglomerate),920.0,155.0,75.14,52.41,30.35,59.66,0.7576810223065333,12.13440395166634,0.010044334427331865,15.449999809265137,6.825460036255307,4.332573750954351,3.977997994351679,3.4452142670789296,4.105284502260435,20.64516129032258,Medium
2024-02-14,Rashi Peripherals Limited,600.0,311.0,143.66,62.75,10.44,59.71,-0.691043094519983,10.509548007063852,0.009945712828116385,15.8100004196167,6.398594934535208,4.974386161421135,4.154969184038536,2.437115985951652,4.106108429142343,7.717041800643088,Low
2024-02-14,Capital Small Finance Bank Limited,523.07,468.0,6.64,4.05,2.49,4.0,-0.691043094519983,10.509548007063852,0.009945712828116385,15.8100004196167,6.261625263185248,2.033397603178429,1.6193882432872684,1.2499017362143359,1.6094379124341003,-7.051282051282051,Low
2024-02-14,Jana Small Finance Bank Limited,570.0,414.0,38.75,25.05,5.46,18.5,-0.691043094519983,10.509548007063852,0.009945712828116385,15.8100004196167,6.3473892096560105,3.6826098411003407,3.260017768199376,1.8656293177945105,2.970414465569701,-4.3478260869565215,Low
2024-02-20,Vibhor Steel Tubes Limited,72.17,151.0,178.73,721.34,188.17,298.86,3.0751668627473805,11.822283142403256,0.008445994786905166,15.220000267028809,4.292785500895938,5.1914557247639435,6.58249594217499,5.242646081677572,5.703315699066757,178.80794701986756,High
2024-02-28,Juniper Hotels Ltd ,1800.0,360.0,0.0,0.06,0.52,0.11,3.14211908816473,10.257705220896085,0.0054815829216652385,15.729999542236328,7.496097345175956,0.0,0.058268908123975775,0.41871033485818504,0.10436001532424277,0.3333333333333302,Low
2024-02-29,GPT Healthcare Ltd ,525.14,186.0,17.3,11.02,2.44,8.52,1.0377165291896695,8.30500430512573,0.005842543660111944,16.329999923706055,6.265567337019319,2.9069010598473755,2.4865719291070616,1.235471471385307,2.253394848803274,16.209677419354843,Medium
2024-03-05,Platinum Industries Ltd ,235.32,171.0,151.0,141.83,50.99,99.03,2.9115797726944503,7.010800830066732,0.006558675001124564,14.920000076293945,5.46518681878307,5.0238805208462765,4.961655111874538,3.9510513923956245,4.605470140997089,33.33333333333333,High
2024-03-05,Exicom Tele-Systems Ltd ,429.0,142.0,121.8,153.22,119.59,129.54,2.9115797726944503,7.010800830066732,0.006558675001124564,14.920000076293945,6.063785208687608,4.810557015713042,5.038380154404814,4.792396362115501,4.871679693207072,85.91549295774648,High
2024-03-07,Mukka Proteins Ltd ,224.0,28.0,189.28,250.38,58.52,136.99,2.4785152242311037,7.175457393134144,0.00652460978580122,14.300000190734863,5.41610040220442,5.248496671564081,5.526965738496691,4.086312390524837,4.927181218763463,57.14285714285714,High
2024-03-12,Indus Infra Trust ,2499.99,100.0,8.92,6.93,0.0,8.01,2.525653118902782,6.822073495921233,0.006311646362608969,14.0,7.824441932468986,2.2945529212967815,2.0706530356467567,0.0,2.1983350716202463,1.0,Low
2024-03-12,R K Swamy Ltd ,423.56,288.0,20.58,34.36,34.03,25.94,2.525653118902782,6.822073495921233,0.006311646362608969,14.0,6.0510533385196394,3.0717669598299886,3.5655812377694427,3.5562048372093953,3.293612170982218,-12.5,Low
2024-03-13,J.G.Chemicals Ltd ,251.19,221.0,32.09,46.33,17.44,27.78,3.329231804563637,6.734808677494386,0.005963912329359933,13.640000343322754,5.530182771674116,3.499231121933521,3.8571443439181565,2.914522218128448,3.359680701459222,-4.524886877828054,Low
2024-03-14,Gopal Snacks Ltd,650.0,401.0,17.5,9.5,4.01,9.02,1.1702446448897952,3.8474794528480016,0.006949744227490208,14.430000305175781,6.478509642208569,2.917770732084279,2.3513752571634776,1.6114359150967734,2.3045830956567186,-12.718204488778055,Low
2024-03-19,Popular Vehicles & Services Ltd ,601.55,295.0,1.97,0.66,1.05,1.23,0.06805591715184356,2.8089162887756425,0.007027990527324621,13.899999618530273,6.401170649473401,1.0885619528146082,0.5068176023684519,0.7178397931503169,0.8020015854720274,-1.0169491525423728,Low
2024-03-21,Krystal Integrated Services Ltd ,300.12,715.0,7.33,43.91,3.32,13.21,-1.6121567240993673,2.747811963075697,0.007322368578421466,13.470000267028809,5.707508856397014,2.1198634561787513,3.8046604870996465,1.463255402256019,2.6539459421090092,11.188811188811188,Medium
2024-04-03,SRM Contractors Ltd ,130.2,210.0,59.59,214.94,46.97,86.57,2.1403096206071615,3.634760643980073,0.0072657823245078695,11.649999618530273,4.876722876509988,4.104129862956897,5.375000591318995,3.8705758155139725,4.472438473534133,7.142857142857142,Low
2024-04-12,Bharti Hexacom Ltd ,4275.0,570.0,48.57,10.52,2.83,29.88,1.8858056847645521,5.250554397442753,0.006229121670602108,11.109999656677246,8.360773272144936,3.9033858120324827,2.444084655267745,1.3428648031925547,3.4301087251565754,32.491228070175445,High
2024-04-25,Vodafone Idea Ltd ,18000.0,11.0,17.56,4.13,0.92,6.36,1.773814613121183,5.47865023717462,0.00598451016138102,10.279999732971191,9.798182590890704,2.9210087273580543,1.635105659182678,0.6523251860396903,1.9960599327407849,9.090909090909092,Low
2024-06-28,Stanley Lifestyles Limited,537.02,369.0,0.74,8.86,6.11,5.22,5.900984498149908,8.682335760417592,0.018253183770640814,14.149999618530273,6.287895734192011,0.5538851132264376,2.288486168614544,1.9615022438151495,1.827769906751088,35.230352303523034,High
2024-07-02,Allied Blenders and Distillers Limited,1500.0,281.0,50.37,32.4,4.51,23.55,7.151353734548649,7.4790722943193,0.018050266549845553,13.829999923706055,7.313886831633462,3.9390543444791764,3.5085558999826545,1.706564623164823,3.2007118542405295,13.202846975088974,Medium
2024-07-03,Vraj Iron & Steel Limited,171.0,207.0,163.9,208.81,54.93,119.04,3.696496306769559,7.440103548249888,0.0167291415349214,13.640000343322754,5.147494476813453,5.105339229565553,5.346202359268609,4.024100908833496,4.787825020572166,15.942028985507244,Medium
2024-07-10,Bansal Wire Industries Limited,745.0,256.0,146.05,51.46,13.64,59.57,5.047465258621631,7.9073841240573595,0.0031692154521963008,14.279999732971191,6.61472560020376,4.990772665000004,3.9600509744387278,2.6837575085331657,4.103799720992856,37.51953125000001,High
2024-07-26,Sanstar Limited,510.55,95.0,145.68,136.5,24.23,82.99,2.2510507882200326,8.858853208123962,0.004630854217342142,12.619999885559082,6.237445332324949,4.988253343203125,4.923623917106626,3.2280337626529665,4.430697744137536,12.000000000000007,Medium
2024-08-06,Akums Drugs and Pharmaceuticals Limited,1856.74,679.0,90.09,42.21,21.3,63.56,-1.1028270783939198,7.860551998094389,0.008820744011872982,20.3700008392334,7.5271159741674865,4.511848028756718,3.766071949943842,3.104586678466073,4.1675950239616935,6.774668630338733,Low
2024-08-08,Ceigall India Limited,1252.66,401.0,31.5,14.42,3.77,13.78,-0.5553886641494921,10.166767296047507,0.009260757214577326,16.170000076293945,7.133822552053442,3.481240089335692,2.7356653681351832,1.5623463049002497,2.6932749155200555,2.9925187032418954,Low
2024-08-09,Ola Electric Mobility Limited,6145.56,76.0,5.31,2.4,3.92,4.27,-0.852842409233634,9.106698309151117,0.009355518781857647,16.600000381469727,8.723647854712725,1.8421356765531218,1.2237754316221157,1.5933085305042167,1.6620303625532709,-0.013157894736848839,Low
2024-08-13,Unicommerce eSolutions Limited,276.57,108.0,138.75,252.48,131.15,168.39,-0.6332113228901037,9.66845030062422,0.009498757983449733,15.869999885559082,5.626073153628491,4.939855112035208,5.535284924455317,4.883937641050299,5.1322037485982905,112.96296296296295,High
2024-08-13,Brainbees Solutions Limited,4193.73,465.0,19.3,4.68,2.31,12.22,-0.6332113228901037,9.66845030062422,0.009498757983449733,15.869999885559082,8.341584254493847,3.0106208860477417,1.7369512327330598,1.1969481893889715,2.5817308344235403,34.40860215053764,High
2024-08-20,Saraswati Saree Depot Limited,160.01,160.0,64.12,358.65,61.88,107.52,0.1701935083310513,8.739123016845006,0.009924129452572822,14.319999694824219,5.081466474856847,4.176231721694285,5.885131336313365,4.141228148120951,4.686934487790731,25.0,Medium
2024-08-28,Orient Technologies Limited,214.76,206.0,189.9,300.6,66.87,151.71,0.7313966101039071,11.246115553600866,0.009304743208294608,13.630000114440918,5.374166678831474,5.251749730731702,5.709101636133801,4.217594110715667,5.028540697965091,40.77669902912621,High
2024-09-03,Premier Energies Limited,2830.4,450.0,216.67,50.04,7.69,74.38,2.2696287184142294,11.752027069790504,0.00887023693339504,14.0600004196167,7.948526567960397,5.382980154426746,3.9326096390365346,2.162172939277301,4.3225419878389895,120.22222222222223,High
2024-09-04,Ecos (India) Mobility & Hospitality Limited,601.2,334.0,136.85,71.23,19.79,64.26,5.089251649844062,10.77256073978672,0.005978735744389523,13.84000015258789,6.400589616047633,4.926166137469806,4.2798554720627555,3.0344721018699214,4.178379291165174,17.155688622754496,Medium
2024-09-06,Baazar Style Retail Limited,834.68,389.0,81.83,59.43,9.12,40.66,3.4884231273793587,8.108191399404308,0.005576577024761918,14.210000038146973,6.728245764687989,4.416790314610172,4.101485670373467,2.3145136638593193,3.729541435832826,0.0,Low
2024-09-09,Gala Precision Engineering Limited,167.93,529.0,232.54,414.62,91.95,201.41,3.048266329249083,6.822742497378398,0.006004961196763731,15.220000267028809,5.129484427934637,5.453353368647568,6.029771381262568,4.532061714167453,5.310295343307444,41.77693761814745,High
2024-09-12,Shree Tirupati Balajee Agro Trading Company Limited,169.65,83.0,150.87,210.12,73.22,124.75,3.2290037646547143,6.191402024922277,0.005387066124902931,13.630000114440918,5.139614675352716,5.023024891742178,5.352426692195069,4.307033655632451,4.8342958089798485,11.927710843373502,Medium
2024-09-16,Kross Limited,500.0,240.0,23.32,22.24,10.76,16.81,3.322377298524981,7.826586154107851,0.005782974991757515,12.550000190734863,6.2166061010848646,3.1912990570979662,3.1458749319837103,2.464703942470481,2.87976009730157,0.0,Low
2024-09-16,Bajaj Housing Finance Limited,6560.0,70.0,209.36,41.51,7.04,63.61,3.322377298524981,7.826586154107851,0.005782974991757515,12.550000190734863,8.788898309344878,5.348820348721143,3.749739342370699,2.084429083190875,4.168369197570074,114.28571428571428,High
2024-09-16,Tolins Tyres Limited,230.0,226.0,25.42,27.41,21.52,23.89,3.322377298524981,7.826586154107851,0.005782974991757515,12.550000190734863,5.442417710521793,3.2741212990941793,3.3467411958660964,3.1144038032714896,3.2144661163795005,0.4424778761061947,Low
2024-09-17,P N Gadgil Jewellers Limited,1100.0,480.0,136.85,56.08,16.58,59.4,3.3008226482742486,7.708872576059744,0.005783862733459451,12.460000038146973,7.00397413672268,4.926166137469806,4.0444537926086355,2.866761892257031,4.100989104940769,73.75,High
2024-09-24,Western Carriers Limited,492.88,172.0,27.99,44.71,25.95,30.57,3.7122307596615167,7.879351956788461,0.006424997657382388,13.789999961853027,6.202292572699543,3.3669509429335642,3.822317092343653,3.2939832973550063,3.4522073025699003,-1.1627906976744187,Low
2024-09-24,Northern ARC Capital Limited,777.0,263.0,240.79,142.41,31.08,110.91,3.7122307596615167,7.879351956788461,0.006424997657382388,13.789999961853027,6.656726524178391,5.488069580832519,4.965707660741121,3.4682327829983137,4.717694976829936,33.460076045627375,High
2024-09-24,Arkade Developers Limited,410.0,128.0,163.16,163.02,51.39,106.83,3.7122307596615167,7.879351956788461,0.006424997657382388,13.789999961853027,6.018593214496234,5.100841561982405,5.099988371608265,3.9587157334201284,4.680555912893981,37.42187500000001,High
2024-09-30,Manba Finance Limited,150.84,120.0,148.55,511.62,143.95,224.05,3.7369335491407307,7.792185859428069,0.0066049110243399795,11.960000038146973,5.022827334861618,5.007630785075957,6.2395348299460505,4.976388855367665,5.416322599738942,25.0,Medium
2024-10-03,KRN Heat Exchanger and Refrigeration Limited,341.95,220.0,253.04,431.63,98.29,214.42,2.0453079794361395,6.055993623156808,0.007509039344722058,11.989999771118164,5.83758466394533,5.537491734934774,6.069882859242089,4.598044861045503,5.372589610922624,113.63636363636364,High
2024-10-04,Diffusion Engineers Limited,157.96,168.0,95.74,207.6,85.61,114.49,0.20398033318622666,3.822071450954301,0.008978130499866996,13.170000076293945,5.0686525982435615,4.572026967394837,5.340418542566672,4.461415282342953,4.749183946126996,11.904761904761903,Medium
2024-10-15,Garuda Construction and Engineering Limited,264.1,95.0,1.24,9.03,10.81,7.55,-0.9013498757714955,1.3189048541762505,0.008157041818542732,13.0,5.5801071132949795,0.8064758658669485,2.305580601973844,2.468946630209271,2.145931282948669,8.631578947368423,Low
2024-10-28,Deepak Builders & Engineers India Limited,260.04,203.0,13.91,82.47,39.79,41.54,-7.763373732307666,-3.087431229882076,0.007182361370843036,14.630000114440918,5.564673652285065,2.702032128776647,4.424487285862646,3.708436953329467,3.750444809772091,-2.2167487684729066,Low
2024-10-30,Godavari Biorefineries Limited,554.75,352.0,2.76,0.9,1.71,1.83,-5.207112591566276,-1.0148582485570268,0.007370821577222177,14.520000457763672,6.320318552844306,1.324418957401803,0.6418538861723948,0.9969486348916095,1.0402767116551463,-11.775568181818178,Low
2024-11-04,Afcons Infrastructure Limited,5430.0,463.0,3.79,5.05,0.94,2.63,-2.8393418687133853,0.02819059316803152,0.005935179353504087,15.899999618530273,8.599878558034845,1.5665304114228238,1.80005827204275,0.6626879730752367,1.2892326482767593,-7.116630669546434,Low
2024-11-12,Sagility India Limited,2106.4,30.0,3.52,1.93,4.16,3.2,-3.926498055654226,-1.629302632560159,0.007034622277329458,14.270000457763672,7.6532102391654275,1.5085119938441398,1.0750024230289759,1.6409365794934714,1.4350845252893227,3.533333333333329,Low
2024-11-13,ACME Solar Holdings Limited,2900.0,289.0,3.54,0.97,3.1,2.75,-4.6848545792959495,-2.8047490234832217,0.007298864346515015,14.59000015258789,7.972810784121404,1.5129270120532565,0.6780335427498971,1.410986973710262,1.3217558399823195,-10.380622837370241,Low
2024-11-13,Swiggy Limited,11327.4,390.0,6.02,0.41,1.14,3.59,-4.6848545792959495,-2.8047490234832217,0.007298864346515015,14.59000015258789,9.335068126044554,1.9487632180377197,0.3435897043900769,0.76080582903376,1.5238800240724537,5.641025641025641,Low
2024-11-14,Niva Bupa Health Insurance Company Limited,2200.0,74.0,2.06,0.68,2.73,1.8,-5.655492328458934,-4.614785085748951,0.00771743507824175,15.4399995803833,7.696667081526462,1.1184149159642893,0.5187937934151676,1.3164082336557241,1.0296194171811583,6.081081081081082,Low
2024-11-22,Zinka Logistics Solution Limited (BlackBuck),1114.72,273.0,2.76,0.24,1.66,1.86,-4.585627047382957,-6.6399816265400595,0.007257508086339492,15.989999771118164,7.017255215404227,1.324418957401803,0.2151113796169455,0.9783261227936076,1.0508216248317612,2.2161172161172202,Low
2024-11-27,NTPC Green Energy Limited,10000.0,108.0,3.32,0.81,3.44,2.42,0.05665328817654469,-3.806660113786531,0.009645815151928222,15.3100004196167,9.210440366976517,1.463255402256019,0.5933268452777344,1.4906543764441333,1.2296405510745139,3.3333333333333277,Low
2024-11-29,Enviro Infra Engineers Limited,650.3,148.0,157.05,153.8,24.48,89.9,-2.258971741659055,-5.398018372372859,0.010014278013219486,15.210000038146973,6.478970365552356,5.062911438661627,5.042133961155627,3.2378938307039626,4.509760001183433,47.2972972972973,High
2024-12-06,Suraksha Diagnostic Limited,846.25,441.0,1.74,1.41,0.95,1.27,2.0447423250876673,-0.9143260311368695,0.009893551133568147,14.529999732971191,6.741995810487161,1.007957920399979,0.8796267475025636,0.6678293725756554,0.8197798314933114,-0.9070294784580499,Low
2024-12-18,Sai Life Sciences Limited,3042.62,549.0,30.93,4.92,1.37,10.26,3.7614339227067584,-4.248541254094973,0.00899184593035841,14.489999771118164,8.020802875446503,3.4635460067266908,1.7783364488959144,0.8628899551470399,2.421256622711544,20.21857923497268,Medium
2024-12-18,One Mobikwik Systems Limited,572.0,279.0,119.5,108.95,134.67,119.38,3.7614339227067584,-4.248541254094973,0.00899184593035841,14.489999771118164,6.35088571671474,4.791649752930709,4.70002571700077,4.910225466497217,4.790653406119625,58.51254480286738,High
2024-12-18,Vishal Mega Mart Limited,8000.0,78.0,80.75,14.25,2.31,27.28,3.7614339227067584,-4.248541254094973,0.00899184593035841,14.489999771118164,8.987321812850125,4.403665809777363,2.7245795030534206,1.1969481893889715,3.342154841028372,41.02564102564102,High
2024-12-20,International Gemmological Institute (India) Limited,4225.0,417.0,45.8,24.84,11.21,33.78,2.577307903063364,-7.661620231440979,0.00931860871532695,14.510000228881836,8.349011198176003,3.845883202923601,3.2519236789144013,2.502255288122613,3.549042508926137,21.067146282973624,Medium
2024-12-27,Sanathan Textiles Limited,550.0,321.0,75.62,42.21,8.93,35.12,-2.161496704133292,-9.277492307676239,0.007911915326517565,14.039999961853027,6.311734809152915,4.338858139272503,3.766071949943842,2.295560478057081,3.5868467285487844,30.560747663551407,High
2024-12-27,Mamata Machinery Limited,179.35,243.0,235.88,274.38,138.08,194.95,-2.161496704133292,-9.277492307676239,0.007911915326517565,14.039999961853027,5.194899407349548,5.467553683793335,5.618151962016226,4.935049307139661,5.27785952464564,146.9135802469136,High
2024-12-27,Dam Capital Advisors Limited,840.25,283.0,166.33,98.62,27.13,82.08,-2.161496704133292,-9.277492307676239,0.007911915326517565,14.039999961853027,6.734888880958938,5.119967910506483,4.601362947645137,3.3368366225017656,4.419803999007912,38.83392226148409,High
2024-12-27,Transrail Lighting Limited,838.91,432.0,201.06,76.41,22.07,80.8,-2.161496704133292,-9.277492307676239,0.007911915326517565,14.039999961853027,6.733294743240011,5.308564682999586,4.349115971216622,3.138533072185662,4.404277243608702,35.451388888888886,High
2024-12-27,Concord Enviro Systems Limited,500.33,701.0,17.32,14.2,5.56,10.67,-2.161496704133292,-9.277492307676239,0.007911915326517565,14.039999961853027,6.217264566883401,2.9079933592459843,2.7212954278522306,1.8809906029559977,2.4570214462984645,18.687589158345222,Medium
2024-12-30,Senores Pharmaceuticals Limited,582.11,391.0,94.66,96.11,89.23,93.41,-0.42129868029723294,-7.738796858606656,0.007245589745673888,13.239999771118164,6.368375847798085,4.560800238252151,4.575844356606263,4.50236196600641,4.547646999744425,51.841432225063954,High
2024-12-30,Carraro India Limited,1250.0,704.0,2.21,0.6,0.71,1.12,-0.42129868029723294,-7.738796858606656,0.007245589745673888,13.239999771118164,7.1316985104669115,1.1662709371419244,0.4700036292457356,0.5364933705145685,0.7514160886839212,-6.25,Low
2024-12-30,Ventive Hospitality Limited,1600.0,643.0,9.08,13.85,5.87,9.8,-0.42129868029723294,-7.738796858606656,0.007245589745673888,13.239999771118164,7.3783837129967145,2.3105532626432224,2.6979998652487085,1.927164106234258,2.379546134130174,11.687402799377912,Medium
2025-01-07,Indo Farm Equipment Limited,260.15,215.0,242.4,503.83,104.92,229.68,-4.302449839074429,-5.467541485813432,0.008496711275213956,15.649999618530273,5.565094954882308,5.494706180553427,6.224221738938162,4.662684092188698,5.441031468747212,20.186046511627897,Medium
2025-01-13,Standard Glass Lining Technology Limited,410.05,140.0,331.6,268.5,64.99,183.18,-4.550950780710594,-6.488513888023906,0.008637698341563249,14.920000076293945,6.018714861598142,5.806940566758827,5.596568390349052,4.18950321539533,5.215913540293221,25.71428571428571,Medium
2025-01-14,Quadrant Future Tek Limited,290.0,290.0,132.54,254.71,246.94,186.66,-6.792357608050237,-7.550073498436404,0.008640269366396341,16.0,5.673323267171493,4.894401058429723,5.544043989862504,5.513186781410001,5.2346318148619035,28.965517241379313,Medium
2025-01-17,Capital Infra Trust,1578.0,99.0,0.58,4.24,0.0,2.23,-3.6656652793170097,-5.9291106984177055,0.008581924303393895,15.470000267028809,7.364547014255642,0.4574248470388754,1.6563214983329508,0.0,1.172482137234565,0.0,Low
2025-01-20,Laxmi Dental Limited,698.06,428.0,110.38,147.95,76.24,114.42,-3.125039243203487,-5.185090004042392,0.008383955079940459,15.75,6.549736575459905,4.7129477781615225,5.003610679159292,4.346917457560314,4.7485776492828204,23.364485981308412,Medium
2025-01-23,Stallion India Fluorochem Limited,199.45,90.0,172.93,422.42,96.89,188.37,-2.4119572390366995,-4.240765974426052,0.008370205178139094,16.770000457763672,5.300564839088516,5.158652919420062,6.048364594240794,4.583844399273339,5.243702773274814,33.33333333333333,High
2025-01-29,Denta Water & Infrastructure Limited,220.5,294.0,236.94,507.27,90.56,221.68,-2.907830721903215,-5.156296560540474,0.008734629596835323,18.200000762939453,5.40042258948519,5.47201854104838,6.231012802447468,4.516994495084366,5.405735763315307,12.244897959183673,Medium
2025-02-04,Dr Agarwal's Healthcare Limited,3027.26,402.0,4.64,0.4,0.41,1.55,-1.4630127664622572,-3.4641378452594296,0.007334809000595673,14.350000381469727,8.015743476128725,1.7298840655099674,0.33647223662121295,0.3435897043900769,0.9360933591703348,-1.268656716417916,Low
2025-02-17,Ajax Engineering Limited,1268.88,629.0,14.41,6.46,1.92,6.44,-1.7798434337484847,-4.090809273337581,0.007878565615271324,15.020000457763672,7.146677686799371,2.7350166493320245,2.0095554142156695,1.0715836162801904,2.0068708488450007,-5.723370429252783,Low
2025-02-19,Hexaware Technologies Limited,8750.0,708.0,9.09,0.2,0.11,2.66,-0.9071287269182826,-5.163153686788324,0.00715468542597211,15.670000076293945,9.076923258535832,2.3115448343655176,0.18232155679395462,0.10436001532424277,1.297463147413275,3.248587570621469,Low
2025-02-24,Quality Power Electronics Limited,858.7,425.0,1.03,1.45,1.83,1.29,-0.14564711971783995,-5.533105578957009,0.006669991543560489,14.529999732971191,6.756583491180399,0.708035793053696,0.8960880245566356,1.0402767116551463,0.8285518175661483,1.6588235294117675,Low
2025-05-06,Ather Energy Limited,2980.8,321.0,1.7,0.66,1.78,1.43,5.5921090904369475,4.052806589001046,0.012803965388461569,18.34000015258789,8.0002824239943,0.9932517730102834,0.5068176023684519,1.0224509277025458,0.8878912573524571,1.5732087227414366,Low
2025-05-27,Borana Weaves Limited,144.89,216.0,87.21,237.42,200.53,148.78,4.000943440145788,9.112670952722034,0.011520934886976197,18.020000457763672,4.982852913083804,4.479720335270676,5.474033824289855,5.305938253679398,5.009167550821221,12.5,Medium
2025-05-28,Belrise Industries Limited,2150.0,90.0,108.35,38.33,4.27,41.3,2.0457456018661224,8.906420862235276,0.011436732628886706,18.540000915527344,7.67368812926773,4.694553747122777,3.671987586443718,1.6620303625532709,3.744787086052232,9.444444444444445,Low
2025-06-02,Schloss Bangalore Limited,3500.0,435.0,7.46,1.02,0.83,4.5,1.6593625130459921,9.78329327753995,0.011523288447280728,16.079999923706055,8.160803920954665,2.135349173618132,0.7030975114131134,0.6043159668533296,1.7047480922384253,-6.551724137931035,Low
2025-06-02,Aegis Vopak Terminals Limited,2800.0,235.0,3.3,0.56,0.77,2.09,1.6593625130459921,9.78329327753995,0.011523288447280728,16.079999923706055,7.937731775260109,1.4586150226995167,0.44468582126144574,0.5709795465857378,1.128171090909654,-6.382978723404255,Low
2025-06-03,Prostarm Info Systems Limited,168.0,105.0,104.49,222.14,39.49,97.2,1.044305826466374,11.714963286047508,0.011497492286597445,17.15999984741211,5.1298987149230735,4.658616161693717,5.407799377165033,3.7010550300440697,4.58700621536042,19.047619047619047,Medium
2025-06-04,Scoda Tubes Limited,220.0,140.0,69.51,113.03,19.4,53.78,0.6681832074155958,10.95513480608794,0.011593513709590456,16.559999465942383,5.3981627015177525,4.25575454373095,4.736461571669267,3.0155349008501706,4.0033251638349325,0.0,Low
2025-06-20,Oswal Pumps Limited,1387.34,614.0,88.08,36.7,3.6,34.42,0.7458473166147117,6.910541888134647,0.005946556517302436,14.260000228881836,7.235864067842073,4.489534842389167,3.629660094453965,1.5260563034950494,3.5672766323546874,2.9315960912052117,Low
2025-06-25,Arisinfra Solutions Limited,499.6,222.0,1.42,3.14,5.59,2.65,0.8787103845531163,5.812326415091684,0.006043165178291559,13.640000343322754,6.215807378997674,0.8837675401685949,1.420695787837223,1.8855533485144158,1.2947271675944,-5.810810810810813,Low
2025-07-01,Globe Civil Projects Limited,119.0,71.0,99.76,143.15,53.72,86.04,3.238516561846927,10.150142848254063,0.00671486280648598,12.789999961853027,4.787491742782046,4.61274145148441,4.970854424084411,4.0022292733142955,4.466367783107633,28.30985915492957,Medium
2025-07-01,Ellenbarrie Industrial Gases Limited,852.53,400.0,64.23,15.21,2.14,22.19,3.238516561846927,10.150142848254063,0.00671486280648598,12.789999961853027,6.749380691001656,4.177919485808005,2.785628335747585,1.144222799920162,3.1437211512674406,23.0,Medium
2025-07-01,Kalpataru Limited,1590.0,414.0,3.12,1.31,1.29,2.26,3.238516561846927,10.150142848254063,0.00671486280648598,12.789999961853027,7.372118028337787,1.415853163361435,0.8372475245337022,0.8285518175661483,1.1817271953786161,0.024154589371986168,Low
2025-07-02,Sambhv Steel Tubes Limited,540.0,82.0,62.32,31.82,7.99,28.46,4.071715518997654,9.469475680182837,0.006402746407823221,12.529999732971191,6.293419278846481,4.148201235012811,3.4910380856619447,2.196112848483529,3.3830334110344844,34.26829268292682,High
2025-07-02,HDB Financial Services Limited,12500.0,740.0,55.47,9.99,1.41,16.69,4.071715518997654,9.469475680182837,0.006402746407823221,12.529999732971191,9.433563920090563,4.033709523684745,2.3969857684155302,0.8796267475025636,2.872999508171694,12.837837837837837,Medium
2025-07-03,Indogulf Cropsciences Limited,200.0,111.0,33.26,48.39,14.78,25.98,3.3842178305383497,9.476521899981783,0.006510719594039921,12.449999809265137,5.303304908059076,3.5339784928959737,3.8997479745525334,2.7587433154177283,3.2950958507796098,0.0,Low
2025-07-09,Crizac Limited,860.0,245.0,134.35,76.15,10.24,59.82,1.6660525608213739,13.944053925733968,0.006130632296030538,12.199999809265137,6.7580945044277305,4.90786401606031,4.34575157880917,2.419478844465545,4.107918682249219,14.285714285714285,Medium
2025-07-17,Smartworks Coworking Limited,582.56,407.0,24.41,22.78,3.53,13.45,1.6121198667796932,4.323209224260105,0.005538776355320986,11.239999771118164,6.369147274203694,3.2351427973320726,3.1688448912626357,1.5107219394949427,2.670694414558441,7.149877149877155,Low
2025-07-21,Anthem Biosciences Limited,3395.0,570.0,182.65,42.36,5.64,63.86,-0.5734218862397444,2.97649245105045,0.005009092281806031,11.390000343322754,8.130353547431238,5.213031772265676,3.769537357131391,1.8931119634883424,4.172231100879172,26.85964912280702,Medium
2025-07-30,Indiqube Spaces Limited,700.0,237.0,14.35,8.27,12.9,12.41,-2.821653719905526,1.810940323360466,0.004650819526313015,11.529999732971191,6.55250788703459,2.731115474033206,2.2267833795777636,2.631888840136646,2.5960006972935874,-7.721518987341777,Low
2025-07-30,GNG Electronics Limited,460.44,237.0,266.21,227.67,46.84,147.93,-2.821653719905526,1.810940323360466,0.004650819526313015,11.529999732971191,6.13435203465653,5.5880348661118875,5.432279916211003,3.867862109642376,5.003476396897776,47.67932489451477,High
2025-07-31,Brigade Hotel Ventures Limited,759.6,90.0,5.42,1.92,6.4,4.48,-2.3507649280344656,1.8048790204743481,0.004664597195748638,11.210000038146973,6.634107595494159,1.8594181177018698,1.0715836162801904,2.0014800002101243,1.7011051009599243,-8.88888888888889,Low
2025-08-01,Shanti Gold International Ltd,360.11,199.0,117.33,151.48,30.37,81.17,-2.5071585546631026,2.0373769752078053,0.004691048366364156,11.539999961853027,5.889182621059753,4.773477331396467,5.027033439905892,3.445852022202587,4.408790271943096,15.125628140703515,Medium
2025-08-05,Laxmi India Finance Ltd,254.26,158.0,1.3,1.84,2.22,1.87,-2.9006796926647094,-0.8102373351734582,0.005184435775997605,11.970000267028809,5.542282633554545,0.832909122935104,1.0438040521731147,1.169381359556317,1.0543120297715298,-13.924050632911392,Low
2025-08-06,National Securities Depository Ltd (NSDL),4011.6,800.0,103.97,34.98,7.73,41.01,-3.420312346948773,0.2896906139208122,0.005112406697638527,11.710000038146973,8.297194689246101,4.653674595047707,3.582963228522387,2.166765369851511,3.7379076851812907,10.0,Low
2025-08-06,Sri Lotus Developers & Realty Ltd,792.0,150.0,163.9,57.71,20.28,69.14,-3.420312346948773,0.2896906139208122,0.005112406697638527,11.710000038146973,6.675823221634848,5.105339229565553,4.072610070076094,3.0577676644734435,4.2504932447120325,19.399999999999995,Medium
2025-08-06,M & B Engineering Ltd,650.0,385.0,36.72,38.24,32.55,36.2,-3.420312346948773,0.2896906139208122,0.005112406697638527,11.710000038146973,6.478509642208569,3.6301904577652566,3.6696966346971625,3.5130368634176907,3.616308761279101,0.2597402597402597,Low
